,Benchmark,ML-BL Gross,ML-BL Net
2003-02-03,0.011014086,0.007895863882859455,0.005895863882859455
2003-02-04,-0.023987502,-0.012210277690765658,-0.012249763910219369
2003-02-05,0.005690801,-0.003874004753305793,-0.0039134909727595035
2003-02-06,-0.026668797,-0.014746135559264628,-0.014785621778718339
2003-02-07,-0.007917946,-0.013439483504233962,-0.013478969723687673
2003-02-10,-0.014280262,0.018088633900575912,0.01797017056466843
2003-02-11,0.022087067,0.009767223428460259,0.009727737209006548
2003-02-12,-0.022551803,-0.01905250736812658,-0.01909199358758029
2003-02-13,0.000812858,-0.00538639451058931,-0.00542588073004302
2003-02-14,0.024688058,0.009119769758546559,0.009080283539092848
2003-02-17,0.022370863,0.00812023380217397,0.008001770466266489
2003-02-18,-0.010396017,0.004185245081428368,0.004145758861974658
2003-02-19,-0.024233429,-0.010891271646894185,-0.010930757866347895
2003-02-20,0.001016312,-0.0023380201032768833,-0.0023775063227305937
2003-02-21,0.00302215,-0.0012215060012745749,-0.0012609922207282853
2003-02-24,-0.010830763,-0.01207140490539993,-0.012189868241307411
2003-02-25,-0.019879387,-0.016757397559750697,-0.016796883779204408
2003-02-26,-0.009748034,-0.010983154661496686,-0.011022640880950396
2003-02-27,0.005573928,-0.01473675819933129,-0.014776244418785
2003-02-28,0.01602796,0.02230804400199582,0.02226855778254211
2003-03-03,0.008971109,0.00871911938354697,0.008600656047639488
2003-03-04,-0.031822009,-0.0272663846936132,-0.02730587091306691
2003-03-05,-0.019036217,-0.014892364138300973,-0.014931850357754684
2003-03-06,-0.001557906,-0.0030968986165295087,-0.003136384835983219
2003-03-07,-0.014219202,-0.008057031338543963,-0.008096517557997673
2003-03-10,-0.036000584,-0.024990520409577832,-0.025108983745485314
2003-03-11,-0.00388924,-0.009171540380009335,-0.009211026599463046
2003-03-12,-0.011219525,-0.001868328486158255,-0.0019078147056119654
2003-03-13,0.029392672,0.01598542213428833,0.01594593591483462
2003-03-14,0.054431339,0.02571627127064713,0.025676785051193418
2003-03-17,0.026534454,0.015298892236681016,0.015180428900773535
2003-03-18,0.008932204,0.013810985304728352,0.013771499085274641
2003-03-19,0.022674389,0.027382446703006158,0.027342960483552448
2003-03-20,0.00570663,0.007535226631346648,0.007495740411892937
2003-03-21,0.036875974,0.028968985116222923,0.028929498896769212
2003-03-24,-0.046826589,-0.03112193694244869,-0.031240400278356173
2003-03-25,0.007099303,0.0025876358994108006,0.00254814967995709
2003-03-26,-0.002833722,0.00041997133937510256,0.0003804851199213921
2003-03-27,-0.011979636,-0.010652991879939844,-0.010692478099393554
2003-03-28,0.003601217,0.0011238269106923493,0.0010843406912386389
2003-03-31,-0.026998289,-0.006387759766808165,-0.006506223102715647
2003-04-01,0.011160722,0.0028257769717474623,0.002786290752293752
2003-04-02,0.031297605,0.019018998546966204,0.018979512327512493
2003-04-03,0.012219627,0.012466524252201738,0.012427038032748028
2003-04-04,0.014780365,0.014668407040496989,0.014628920821043279
2003-04-07,0.023429808,0.022740401123870102,0.02262193778796262
2003-04-08,-0.005604679,-0.007493698426603745,-0.007533184646057456
2003-04-09,0.007100234,0.0129301353802167,0.01289064916076299
2003-04-10,-0.020603831,-0.015071935240696277,-0.015111421460149987
2003-04-11,0.016181282,0.01278503029967859,0.01274554408022488
2003-04-14,0.009173147,0.004391318758613982,0.004272855422706501
2003-04-15,0.02319479,0.016910282963625844,0.016870796744172134
2003-04-16,-0.00917891,-0.0025228489257664855,-0.002562335145220196
2003-04-17,-0.002414522,-0.0021955307021667148,-0.002235016921620425
2003-04-18,0.0,0.0,-3.948621945371045e-05
2003-04-21,0.0,0.0,-0.00011846333590748159
2003-04-22,0.001807497,-0.0005328163199342928,-0.0005723025393880032
2003-04-23,0.012803553,0.007716296289674185,0.0076768100702204745
2003-04-24,-0.014168632,-0.007121603695529166,-0.007161089914982877
2003-04-25,-0.008770784,-0.012031085620017423,-0.012070571839471134
2003-04-28,0.017348495,0.014317743384443915,0.014199280048536433
2003-04-29,-0.009089199,-0.0028753187346008957,-0.002914804954054606
2003-04-30,0.006993812,0.006419290957612178,0.005965950833033321
2003-05-01,0.0,0.0,-3.948621945371045e-05
2003-05-02,-0.004725977,0.0002225376878126628,0.00018305146835895236
2003-05-05,0.014089975,0.01779538918030643,0.01767692584439895
2003-05-06,0.012081252,0.009074252386899184,0.009034766167445474
2003-05-07,-0.002308735,-0.0022504941457714978,-0.002289980365225208
2003-05-08,-0.022258212,-0.016775561132712724,-0.016815047352166435
2003-05-09,-0.001740172,-0.010444905507956515,-0.010484391727410225
2003-05-12,-0.006239493,-0.002163261515978898,-0.0022817248518863797
2003-05-13,0.012222768,0.006121015198575552,0.006081528979121842
2003-05-14,0.002255021,0.006183660923066769,0.006144174703613059
2003-05-15,0.003747858,0.0014323029960781053,0.0013928167766243948
2003-05-16,0.005963128,-0.0031550261669764934,-0.003194512386430204
2003-05-19,-0.020457251,-0.017676841149285916,-0.017795304485193397
2003-05-20,0.005786705,-0.00027018551945168223,-0.0003096717389053927
2003-05-21,-0.01326352,-0.010427051773493567,-0.010466537992947278
2003-05-22,0.024757916,0.007295400422506981,0.007255914203053271
2003-05-23,0.001660697,0.0015766461574764357,0.0015371599380227252
2003-05-26,-0.007344507,-0.0036893851558992274,-0.003807848491806709
2003-05-27,0.005559151,0.0017910313258648891,0.0017515451064111787
2003-05-28,0.020373015,0.013575047416412467,0.013535561196958756
2003-05-29,0.0,0.0,-3.948621945371045e-05
2003-05-30,-0.00573639,-0.00012137316071836324,-0.00016085938017207368
2003-05-31,0.0,0.0,-3.948621945371045e-05
2003-06-02,0.025005135,0.020095778450483825,0.020016804452414716
2003-06-03,-0.008065895,-0.0032158683271816813,-0.0032553545466353917
2003-06-04,0.007118389,0.017007892633413402,0.01696840641395969
2003-06-05,-0.007843912,6.516977098858234e-05,2.5683551534871896e-05
2003-06-06,0.016659233,0.014573727253054614,0.014534241033600903
2003-06-09,0.0,0.0,-0.00011846333590748159
2003-06-10,0.000538117,0.0006849498998480197,0.0006454636803943092
2003-06-11,0.01089978,0.015848994047791942,0.015809507828338232
2003-06-12,0.007529363,0.004473612377997593,0.004434126158543883
2003-06-13,-0.016490171,-0.007783974405354943,-0.007823460624808654
2003-06-16,0.020020192,0.00376829584235594,0.0036498325064484582
2003-06-17,0.00954329,0.010948123550222011,0.0109086373307683
2003-06-18,0.007752883,0.00673702678982524,0.00669754057037153
2003-06-19,-0.013983359,-0.01333865972315429,-0.013378145942608
2003-06-20,0.00302854,0.0005262917631656538,0.0004868055437119434
2003-06-23,-0.020831556,-0.015546398665673533,-0.015664862001581015
2003-06-24,-0.000101626,-0.008172524897188005,-0.008212011116641715
2003-06-25,0.000624339,0.0004219053164802311,0.00038241909702652066
2003-06-26,0.003096532,0.0011213223536479244,0.001081836134194214
2003-06-27,0.000853474,0.0004489885109955072,0.00040950229154179674
2003-06-30,-0.006266965,-0.0015582823297356496,-0.0016767456656431312
2003-07-01,-0.022072705,-0.009722894559772044,-0.009762380779225754
2003-07-02,0.017838393,0.012702363764997004,0.012662877545543294
2003-07-03,0.006657276,0.002055762483712309,0.0020162762642585985
2003-07-04,0.000426755,-0.003555374217243834,-0.0035948604366975445
2003-07-07,0.02071345,0.017799770077657318,0.017681306741749836
2003-07-08,-0.003371761,0.0002838360963195452,0.00024434987686583476
2003-07-09,-0.009242381,-0.010229437996810642,-0.010268924216264352
2003-07-10,-0.001839807,-0.00023960428531477618,-0.0002790905047684866
2003-07-11,0.010629399,0.006120057887682329,0.006080571668228618
2003-07-14,0.013505915,0.016980370021714597,0.016861906685807115
2003-07-15,-0.004235462,-0.0005613134813224896,-0.0006007997007762
2003-07-16,-0.00296386,0.003209120469775728,0.0031696342503220176
2003-07-17,-0.006682835,-0.004136961769917069,-0.0041764479893707795
2003-07-18,0.000771012,0.0023165707666366053,0.002277084547182895
2003-07-21,-0.005858032,-0.007719058196577255,-0.007837521532484737
2003-07-22,-0.001248543,0.0002831080175038636,0.00024362179805015316
2003-07-23,0.005681508,0.001367568596993829,0.0013280823775401185
2003-07-24,0.013107662,0.010151112839917875,0.010111626620464165
2003-07-25,-0.004346538,-0.004333459321354538,-0.0043729455408082485
2003-07-28,0.011362799,0.0027984044972790834,0.0026799411613716018
2003-07-29,-0.002179241,-0.0014294021934003753,-0.0014688884128540858
2003-07-30,0.009642728,0.009948912687764322,0.009909426468310611
2003-07-31,0.006606202,0.004705897631752887,0.004325769664840219
2003-08-01,-0.005712108,0.002211397644180213,0.0021719114247265026
2003-08-04,-0.010009167,-0.0075844251968698595,-0.007702888532777341
2003-08-05,0.010736123,0.010103084259988071,0.01006359804053436
2003-08-06,-0.009314451,-0.009007339436224338,-0.009046825655678048
2003-08-07,-0.002227902,-0.0026084556041514606,-0.002647941823605171
2003-08-08,0.004134332,0.000753929821155408,0.0007144436017016975
2003-08-11,-0.000520258,-0.003996847610502341,-0.0041153109464098225
2003-08-12,0.008804211,0.006328889245234226,0.006289403025780516
2003-08-13,-0.002327485,-0.00250964939434406,-0.0025491356137977705
2003-08-14,0.008016439,0.011571076293335425,0.011531590073881715
2003-08-15,0.011988337,0.010128656845842077,0.010089170626388366
2003-08-18,0.005522467,0.0042194048269068585,0.004100941490999377
2003-08-19,0.004052688,0.013817666098862924,0.013778179879409214
2003-08-20,-0.005577965,0.0004422549039773127,0.00040276868452360226
2003-08-21,0.01028182,0.012525212371994998,0.012485726152541288
2003-08-22,0.008266439,0.009900811056836156,0.009861324837382446
2003-08-25,-0.013846576,-0.008934720948705732,-0.009053184284613214
2003-08-26,-0.003035234,0.0002046079504749443,0.00016512173102123384
2003-08-27,0.004779526,0.004721213865546137,0.004681727646092426
2003-08-28,0.004549036,0.002886748014816254,0.0028472617953625434
2003-08-29,-0.013010523,-0.004782921953173203,-0.004822408172626913
2003-08-31,0.0,0.0,-7.897399806910954e-05
2003-09-01,0.017544289,0.008890667343015801,0.00885118112356209
2003-09-02,-0.005367501,-0.0006517308920782616,-0.0006912171115319721
2003-09-03,0.019862332,0.01895878378600724,0.018919297566553528
2003-09-04,0.001276045,0.0013615581423414014,0.001322071922887691
2003-09-05,0.001911628,0.0006997708419234083,0.0006602846224696979
2003-09-08,0.004588615,0.0008570246806578474,0.0007385613447503658
2003-09-09,-0.006260252,-0.003077201608783442,-0.0031166878282371524
2003-09-10,0.000818723,0.005933658292039734,0.005894172072586024
2003-09-11,0.000957464,0.00010331529243878812,6.382907298507767e-05
2003-09-12,-0.000972315,-0.0033752206471913127,-0.003414706866645023
2003-09-15,0.004300764,0.005550044289838407,0.005431580953930926
2003-09-16,0.007414877,0.00838306072926187,0.00834357450980816
2003-09-17,0.005360982,0.005182060019274459,0.005142573799820749
2003-09-18,0.00450228,0.0007780207883911761,0.0007385345689374656
2003-09-19,-0.007453004,-0.006778762714449327,-0.006818248933903037
2003-09-22,-0.021307831,-0.01159609613563961,-0.011714559471547092
2003-09-23,-0.008547031,-0.01364164265696488,-0.013681128876418591
2003-09-24,0.003659459,0.0013260187493735476,0.0012865325299198371
2003-09-25,-0.013383298,-0.012479507331097262,-0.012518993550550972
2003-09-26,-0.005444832,-0.004874807818153082,-0.004914294037606792
2003-09-29,-0.004570796,-0.00047394310704873543,-0.000592406442956217
2003-09-30,-0.011176795,-0.00835877355716197,-0.00839825977661568
2003-10-01,0.002765805,-0.0016720068389540765,-0.001711493058407787
2003-10-02,0.004259637,0.006806673616210235,0.006767187396756524
2003-10-03,0.023327264,0.014157812872855224,0.014118326653401514
2003-10-06,-0.007181963,0.0005449756433706376,0.00042651230746315605
2003-10-07,-0.006252864,-0.0031212718430893016,-0.003160758062543012
2003-10-08,0.004721868,0.008188144981592371,0.00814865876213866
2003-10-09,0.01308945,0.00722006135680342,0.0071805751373497095
2003-10-10,-0.001798561,0.002309362276925686,0.0022698760574719756
2003-10-13,0.012657991,0.007052023115170503,0.006933559779263021
2003-10-14,-0.002954922,-0.0004535725394387846,-0.0004930587588924951
2003-10-15,0.002189052,0.004527469808683682,0.004487983589229971
2003-10-16,0.000261163,-0.0015252741237432588,-0.0015647603431969692
2003-10-17,-0.002112492,0.0020617034111700683,0.002022217191716358
2003-10-20,0.003353842,0.0003772455797683705,0.0002587822438608889
2003-10-21,-0.001880724,-0.0006943956862887068,-0.0007338819057424173
2003-10-22,-0.014161039,-0.009373862988228954,-0.009413349207682664
2003-10-23,-0.010014429,-0.005859286645315986,-0.005898772864769697
2003-10-24,0.000540804,0.0028876312775842905,0.00284814505813058
2003-10-27,0.006472623,0.00828996367194379,0.008171500336036308
2003-10-28,0.005867111,0.008803179063172184,0.008763692843718474
2003-10-29,-0.000755473,-0.001127155356515308,-0.0011666415759690185
2003-10-30,0.008618364,0.010578912686944442,0.010539426467490731
2003-10-31,-0.001573331,-0.000704925186469918,-0.001380785952110496
2003-11-03,0.019299693,0.012908663616307381,0.0127902002803999
2003-11-04,-0.011430832,-0.004765428535879246,-0.004804914755332956
2003-11-05,-0.008806525,-0.006386850947521561,-0.006426337166975271
2003-11-06,0.006045361,0.005754381933757102,0.005714895714303392
2003-11-07,0.012654351,0.01239381771238346,0.012354331492929749
2003-11-10,-0.010154971,-0.004082484782154894,-0.004200948118062375
2003-11-11,0.002676072,-0.004370157257332585,-0.004409643476786296
2003-11-12,0.001423779,-0.0022869390226684105,-0.002326425242122121
2003-11-13,0.009592911,0.005490757585511208,0.005451271366057497
2003-11-14,0.007449152,0.005660672680330769,0.005621186460877059
2003-11-17,-0.017612181,-0.016483289318050653,-0.016601752653958135
2003-11-18,-0.004155794,-0.003994339867638197,-0.004033826087091907
2003-11-19,-0.010415706,-0.009527828395449633,-0.009567314614903344
2003-11-20,0.000620704,-0.002552028810612783,-0.0025915150300664935
2003-11-21,0.001355118,0.004017205005462099,0.0039777187860083885
2003-11-24,0.017318849,0.013321578372494924,0.013203115036587443
2003-11-25,0.001442624,0.005281574730161553,0.005242088510707843
2003-11-26,-0.00182156,-0.002311696421560816,-0.0023511826410145265
2003-11-27,0.004277236,0.0051524409076020294,0.005112954688148319
2003-11-28,0.00038529,0.0031922677324798254,0.003152781513026115
2003-11-30,0.0,0.0,-7.897399806910954e-05
2003-12-01,0.010149008,0.008270251513771587,0.008230765294317877
2003-12-02,0.000432796,0.000624385983421627,0.0005848997639679165
2003-12-03,0.010583455,0.005844321129244934,0.005804834909791223
2003-12-04,-0.001276589,0.0005100924666823214,0.000470606247228611
2003-12-05,-0.010904424,-0.009043742710672542,-0.009083228930126253
2003-12-08,-0.001263939,-0.0035704955080134715,-0.003688958843920953
2003-12-09,0.004940765,0.002997849245501172,0.0029583630260474614
2003-12-10,-0.008804934,-0.007210376804197338,-0.007249863023651049
2003-12-11,0.01004216,0.007430612056890995,0.007391125837437285
2003-12-12,-0.000698247,0.002898261377793254,0.0028587751583395438
2003-12-15,0.005142894,0.0033963210727914195,0.003277857736883938
2003-12-16,-0.007378405,-0.0034740103500204844,-0.003513496569474195
2003-12-17,-0.004330699,-0.0017780583397580818,-0.0018175445592117923
2003-12-18,0.010648862,0.005225797014870137,0.005186310795416427
2003-12-19,-0.000138169,-0.0014273564521564142,-0.0014668426716101246
2003-12-22,-0.003805288,-0.0012331815331182439,-0.0013516448690257254
2003-12-23,0.004837073,0.003858112544456782,0.0038186263250030716
2003-12-24,0.0,0.0,-3.948621945371045e-05
2003-12-25,0.0,0.0,-3.948621945371045e-05
2003-12-26,0.0,0.0,-3.948621945371045e-05
2003-12-29,0.004979957,0.0002591544320775796,0.000140691096170098
2003-12-30,0.007738174,0.004754946112017544,0.004715459892563834
2003-12-31,0.0,0.0,-3.948621945371045e-05
2004-01-02,0.0,0.0,-7.897399806910954e-05
2004-01-05,0.017020987,0.0012696877461639833,0.0011512244102565017
2004-01-06,0.002228835,0.0026282996304936024,0.002588813411039892
2004-01-07,-0.00230065,-0.0008670484232716769,-0.0009065346427253873
2004-01-08,0.004438156,0.008660388775408201,0.00862090255595449
2004-01-09,-0.005293359,-0.0027887066557441553,-0.0028281928751978658
2004-01-12,-0.010749883,-0.0038611369761442083,-0.00397960031205169
2004-01-13,0.008744591,0.010204224716136245,0.010164738496682535
2004-01-14,0.011439711,0.008703427860293766,0.008663941640840056
2004-01-15,0.001484249,0.0009817535879144135,0.000942267368460703
2004-01-16,0.011460691,0.009590575500096898,0.009551089280643188
2004-01-19,0.0008845,0.0018204579069902582,0.0017019945710827766
2004-01-20,-0.00534601,-0.0032343676256411102,-0.0032738538450948207
2004-01-21,0.002980273,0.0042980143567918905,0.00425852813733818
2004-01-22,0.006580436,0.004867532975646904,0.004828046756193194
2004-01-23,0.007289317,0.001184763324871163,0.0011452771054174526
2004-01-26,-0.002083363,-0.002592835752164957,-0.0027112990880724386
2004-01-27,0.006813929,0.0009932616282504192,0.0009537754087967087
2004-01-28,0.002252753,0.003958291118616675,0.003918804899162964
2004-01-29,-0.00600655,-0.004492785480357586,-0.004532271699811297
2004-01-30,-0.004292339,0.0005149773688448711,0.00047549114939116066
2004-01-31,0.0,0.0,-0.00046714969368925077
2004-02-02,0.00881435,0.0018369565685198985,0.001757982570450789
2004-02-03,-0.008250337,-0.007668658265384876,-0.007708144484838586
2004-02-04,0.006232007,0.004837000566015215,0.0047975143465615044
2004-02-05,-0.002504635,0.003137871476034393,0.0030983852565806824
2004-02-06,0.009468125,0.0062722999153936865,0.006232813695939976
2004-02-09,0.010046897,0.006775849787610255,0.006657386451702774
2004-02-10,0.001434771,0.0020819403050715835,0.002042454085617873
2004-02-11,0.000533158,0.0030870244307161787,0.0030475382112624683
2004-02-12,-0.005129204,-0.0012839322267670372,-0.0013234184462207477
2004-02-13,0.000601689,0.0013196618779600655,0.001280175658506355
2004-02-16,0.001766251,-0.0012442990815949573,-0.0013627624175024389
2004-02-17,0.00196558,3.2213288348792446e-05,-7.272931104918001e-06
2004-02-18,-0.006582935,-0.0025692226318939637,-0.002608708851347674
2004-02-19,0.007295835,0.003967157069387328,0.003927670849933618
2004-02-20,-0.00290424,0.00034250444022898563,0.0003030182207752752
2004-02-23,0.004080604,0.0020580189255021697,0.001939555589594688
2004-02-24,-0.012611831,-0.0087825894276925,-0.00882207564714621
2004-02-25,0.000855011,-0.0017882854359636546,-0.001827771655417365
2004-02-26,-0.001929251,-0.002185132974692916,-0.0022246191941466265
2004-02-27,0.003647223,0.007284060231964373,0.007244574012510663
2004-02-29,0.0,0.0,-7.897399806910954e-05
2004-03-01,0.005924743,0.0046514843018437,0.00461199808238999
2004-03-02,0.010694041,0.004923359975428365,0.004883873755974655
2004-03-03,-0.003373954,0.0016502033975749342,0.0016107171781212237
2004-03-04,0.009868559,0.005057141482897043,0.0050176552634433325
2004-03-05,-0.005665099,-0.0025896828034559505,-0.002629169022909661
2004-03-08,-0.00139233,-0.0003678510061831952,-0.0004863143420906768
2004-03-09,-0.004761039,-0.006905566573276234,-0.006945052792729944
2004-03-10,0.002293514,-0.006302751128883566,-0.006342237348337276
2004-03-11,-0.028120654,-0.027411530984416288,-0.02745101720387
2004-03-12,-0.000961992,0.00459515276870448,0.00455566654925077
2004-03-15,-0.013873241,-0.014726244669439947,-0.014844708005347429
2004-03-16,0.004010829,0.0009621234078152074,0.000922637188361497
2004-03-17,0.007418232,0.005816330595977304,0.005776844376523593
2004-03-18,-0.013457709,-0.005438271935893413,-0.005477758155347123
2004-03-19,0.001932679,0.0029809034019934177,0.0029414171825397073
2004-03-22,-0.026250827,-0.022027139749956848,-0.02214560308586433
2004-03-23,0.006905752,0.0040627214656032695,0.004023235246149559
2004-03-24,-0.000978703,-0.001279856292431103,-0.0013193425118848134
2004-03-25,0.015819164,0.01545674707549538,0.01541726085604167
2004-03-26,-0.000370548,0.0002137019528953843,0.00017421573344167385
2004-03-29,0.009291673,0.004680768785033207,0.004562305449125725
2004-03-30,-0.003281129,-0.0020696287965422666,-0.002109115015995977
2004-03-31,3.42e-05,0.0039502670083240154,0.003910780788870305
2004-04-01,0.016205308,0.007434477660399175,0.007394991440945464
2004-04-02,0.011254788,0.005443651877330202,0.005404165657876492
2004-04-05,0.005145655,0.005723257180133556,0.005604793844226075
2004-04-06,-0.007495884,-0.0011586780675285624,-0.0011981642869822728
2004-04-07,0.000930673,0.00394276258121673,0.0039032763617630195
2004-04-08,0.005583603,0.004253642737873431,0.0042141565184197205
2004-04-09,0.0,0.0,-3.948621945371045e-05
2004-04-12,0.0,0.0,-0.00011846333590748159
2004-04-13,0.001778345,0.0002996278636715477,0.00026014164421783725
2004-04-14,-0.007310849,-0.004479878110168034,-0.0045193643296217445
2004-04-15,0.004064016,0.0023566267801913288,0.0023171405607376183
2004-04-16,0.001799971,0.006892780662100195,0.006853294442646485
2004-04-19,0.002763665,8.376142557597888e-05,-3.470191033150272e-05
2004-04-20,0.006813499,0.005969186992242026,0.0059297007727883155
2004-04-21,-0.005786235,-0.007266368120519617,-0.007305854339973328
2004-04-22,0.000419241,0.004520626901116653,0.004481140681662943
2004-04-23,0.005417241,0.009170917059421635,0.009131430839967924
2004-04-26,0.010235192,0.004296735535475715,0.004178272199568234
2004-04-27,-0.001872855,-0.0032087129852335083,-0.003248199204687219
2004-04-28,-0.008483137,-0.0035579926947507667,-0.003597478914204477
2004-04-29,-0.002611449,-0.007533156856247336,-0.0075726430757010466
2004-04-30,-0.001437122,-0.006104268804577817,-0.006452140344870469
2004-05-03,0.006742091,0.00422410385120342,0.0041056405152959385
2004-05-04,0.001747231,0.002383803749361091,0.0023443175299073804
2004-05-05,0.009954437,0.004611452754924805,0.004571966535471095
2004-05-06,-0.009228325,-0.004223734802415446,-0.004263221021869157
2004-05-07,-0.001036991,3.1697883762227264e-05,-7.788335691483184e-06
2004-05-10,-0.03086211,-0.0271395629665111,-0.02725802630241858
2004-05-11,0.013091797,0.008412024675197749,0.008372538455744039
2004-05-12,-0.011684763,-0.004444103894815199,-0.004483590114268909
2004-05-13,0.011185849,0.006034738361888614,0.005995252142434904
2004-05-14,-0.004281724,0.001161716109950639,0.0011222298904969286
2004-05-17,-0.013196474,-0.011577934144715973,-0.011696397480623455
2004-05-18,0.005339986,0.0006428891978367268,0.0006034029783830164
2004-05-19,0.012806134,0.0111184097368906,0.01107892351743689
2004-05-20,0.0,0.0,-3.948621945371045e-05
2004-05-21,-0.009844947,-0.00037654742990456125,-0.0004160336493582717
2004-05-24,0.006359766,0.006300397763301602,0.00618193442739412
2004-05-25,-0.00552307,0.0006344294752893553,0.0005949432558356449
2004-05-26,0.004606538,0.0053007858363234295,0.005261299616869719
2004-05-27,0.00571685,0.005195159817277473,0.005155673597823762
2004-05-28,-0.012344185,-0.0025446454591928624,-0.002584131678646573
2004-05-31,0.0,0.0,-0.00011846333590748159
2004-06-01,-0.006555628,-0.00021608441716702842,-0.00025557063662073887
2004-06-02,0.0072133,0.008331424022456346,0.008291937803002636
2004-06-03,0.005048213,0.0016123395727591916,0.0015728533533054811
2004-06-04,0.005278539,0.003039972226145604,0.0030004860066918937
2004-06-07,0.009508053,0.003959170797509515,0.003840707461602033
2004-06-08,-0.001462222,0.00198032302653961,0.0019408368070858995
2004-06-09,-0.002622178,-0.00015012229085009654,-0.000189608510303807
2004-06-10,-0.005572591,-0.001982668457153447,-0.0020221546766071574
2004-06-11,0.001714193,0.0012673354422332306,0.0012278492227795201
2004-06-14,-0.00922324,-0.004632963367599996,-0.0047514267035074775
2004-06-15,0.006036781,0.0035588765454985793,0.003519390326044869
2004-06-16,0.006143428,0.004502338813317186,0.0044628525938634755
2004-06-17,-0.000669757,2.2132296738419655e-05,-1.7353922715290793e-05
2004-06-18,-0.001707487,0.0013123617162265067,0.0012728754967727962
2004-06-21,0.003821729,0.003689815637275773,0.0035713523013682913
2004-06-22,-0.009152826,-0.004366895187589592,-0.004406381407043303
2004-06-23,-0.000612963,0.0035537102374325613,0.003514224017978851
2004-06-24,0.003112038,0.00013854232415821954,9.90561047045091e-05
2004-06-25,0.001006371,-0.00036224003784990355,-0.000401726257303614
2004-06-28,0.004232968,0.004038633946247927,0.0039201706103404454
2004-06-29,-0.002773794,0.0007284718035958093,0.0006889855841420989
2004-06-30,-0.011171129,-0.0008538960721373723,-0.0008933822915910827
2004-07-01,0.001576874,0.0017487850930870685,0.001709298873633358
2004-07-02,-0.00312482,-0.0008606992376001266,-0.000900185457053837
2004-07-05,-0.003509615,-0.003869185292797228,-0.00398764862870471
2004-07-06,-0.006846143,-0.005401672132066659,-0.00544115835152037
2004-07-07,-0.00139907,-0.0005069755761437644,-0.0005464617955974749
2004-07-08,0.005995729,0.004432940773383853,0.004393454553930143
2004-07-09,-0.005118583,-0.0011569336016743481,-0.0011964198211280586
2004-07-12,-0.002418136,0.0007214863839943852,0.0006030230480869037
2004-07-13,-0.000655332,0.0028021184473836502,0.00276263222792994
2004-07-14,0.001889276,-0.0024021613454638935,-0.002441647564917604
2004-07-15,-0.011715756,-0.004431959815809128,-0.004471446035262838
2004-07-16,-0.002203511,-4.26328559864908e-05,-8.211907544020125e-05
2004-07-19,-0.005805934,-0.0029178430750674833,-0.003036306410974965
2004-07-20,0.009597391,0.0034662273755938777,0.0034267411561401673
2004-07-21,0.010995873,0.0042888022353939625,0.004249316015940252
2004-07-22,-0.015082843,-0.009551937791370979,-0.00959142401082469
2004-07-23,0.001162794,0.002383723468222021,0.0023442372487683105
2004-07-26,-0.006569181,-0.005670557101520646,-0.005789020437428127
2004-07-27,0.00979482,0.007497045509330391,0.007457559289876681
2004-07-28,0.002214782,-0.0003269393135100218,-0.00036642553296373226
2004-07-29,0.00652665,0.006244310638998218,0.006204824419544508
2004-07-30,-0.001250079,0.0011781540503623678,0.0011386678309086573
2004-07-31,0.0,0.0,-0.00040875485586539727
2004-08-02,-0.001422433,-8.599397839748057e-05,-0.00016496797646659012
2004-08-03,0.008771544,0.009351046724021206,0.009311560504567495
2004-08-04,-0.012020791,-0.007532228589495316,-0.007571714808949026
2004-08-05,-0.000823721,0.003403150514063036,0.0033636642946093254
2004-08-06,-0.019790514,-0.015204079265736081,-0.015243565485189792
2004-08-09,-0.008077536,-0.0061964744955036455,-0.006314937831411127
2004-08-10,0.00451453,0.0008583379903652766,0.0008188517709115661
2004-08-11,-0.003027144,-0.0035702916815154584,-0.003609777900969169
2004-08-12,-0.002570176,-0.005847516365509509,-0.005887002584963219
2004-08-13,-0.007591451,-0.005851077416101247,-0.005890563635554957
2004-08-16,0.00766225,-0.0006300073573348719,-0.0007484706932423535
2004-08-17,0.004484078,0.005195007018354625,0.005155520798900914
2004-08-18,-0.008696746,-0.00547110415865959,-0.0055105903781133
2004-08-19,0.005271944,0.007806077951248991,0.00776659173179528
2004-08-20,-0.001383,0.0013041837825968905,0.00126469756314318
2004-08-23,0.009590793,0.008504994453873982,0.0083865311179665
2004-08-24,-0.001814828,-0.0028939623096633227,-0.002933448529117033
2004-08-25,-0.000621925,0.0018769095662496404,0.00183742334679593
2004-08-26,0.009399921,-0.0014758005817933073,-0.0015152868012470178
2004-08-27,0.005506389,0.00348910194367269,0.0034496157242189796
2004-08-30,-0.002014958,0.0007184855607980101,0.0006000222248905285
2004-08-31,-0.005036417,-0.0018563161903588643,-0.0018958024098125748
2004-09-01,0.007877956,0.0013536630638584235,0.001314176844404713
2004-09-02,-0.003320232,-0.003018327234685092,-0.0030578134541388025
2004-09-03,0.008799173,0.005751753193596887,0.005712266974143176
2004-09-06,0.006474249,-0.00018852756667475656,-0.00030699090258223816
2004-09-07,0.003141844,0.0007957107990193002,0.0007562245795655897
2004-09-08,-0.000866351,-0.00024769474749009035,-0.0002871809669438008
2004-09-09,-0.005631292,-0.002052868670451957,-0.0020923548899056676
2004-09-10,0.003184316,0.005738961954509847,0.0056994757350561365
2004-09-13,0.006385041,0.002494956631640566,0.002376493295733084
2004-09-14,-0.005475949,-0.001279113058154091,-0.0013185992776078015
2004-09-15,-0.000261034,0.004901617349911902,0.0048621311304581916
2004-09-16,-0.001693501,-0.0005636572657224947,-0.0006031434851762052
2004-09-17,0.003517409,0.005550633520954307,0.005511147301500596
2004-09-20,0.000842778,-0.0002910475337788432,-0.0004095108696863248
2004-09-21,0.008780875,0.0022804935302251916,0.002241007310771481
2004-09-22,-0.005307587,-0.006127130575363182,-0.006166616794816893
2004-09-23,-0.010693644,-0.008302590177063585,-0.008342076396517295
2004-09-24,-0.002750728,-0.0013441140650839456,-0.001383600284537656
2004-09-27,-0.007257172,-0.0044290783717331195,-0.004547541707640601
2004-09-28,0.009360653,0.00658959453317598,0.006550108313722269
2004-09-29,0.005890608,0.00931494598765692,0.00927545976820321
2004-09-30,-0.010402464,-0.0027735417273586638,-0.0028130279468123742
2004-10-01,0.010546319,0.0069206386834561595,0.006881152464002449
2004-10-04,0.012760571,0.012060766015279167,0.011942302679371686
2004-10-05,-0.001078881,-0.00044836782378099294,-0.0004878540432347034
2004-10-06,-0.000267601,-0.0009574715993069249,-0.0009969578187606354
2004-10-07,-0.009638618,-0.0053811578339132415,-0.005420644053366952
2004-10-08,-0.005174232,-0.000548465195246095,-0.0005879514146998055
2004-10-11,-0.005139954,-0.003066819496599593,-0.0031852828325070748
2004-10-12,-0.00527722,-0.0031751818009579935,-0.003214668020411704
2004-10-13,0.00319055,0.0030971105603536664,0.003057624340899956
2004-10-14,-0.010216736,-0.0034498849663368025,-0.003489371185790513
2004-10-15,-0.006934602,-0.0051823580609635655,-0.005221844280417276
2004-10-18,4.26e-05,-0.00231611802510745,-0.0024345813610149314
2004-10-19,0.009230044,0.005482352347711217,0.005442866128257506
2004-10-20,-0.007067981,-0.002953556447405692,-0.0029930426668594023
2004-10-21,0.004007168,0.004268298819089633,0.004228812599635923
2004-10-22,-0.000882496,-0.0006768588430166034,-0.0007163450624703138
2004-10-25,-0.014322036,-0.011198633153503779,-0.01131709648941126
2004-10-26,0.003538873,0.000600227801640596,0.0005607415821868855
2004-10-27,0.008074382,0.004459071193828157,0.004419584974374446
2004-10-28,0.006465819,-0.0038898932282411813,-0.003929379447694892
2004-10-29,-0.008691674,-0.0073542831219219895,-0.0073937693413757
2004-10-31,0.0,0.0,-0.0003772116113685943
2004-11-01,0.010127205,0.005579354464464448,0.005539868245010737
2004-11-02,0.010934389,0.007144205714350482,0.007104719494896772
2004-11-03,0.009499718,0.007481811242518344,0.007442325023064633
2004-11-04,0.001856276,0.0012598153900342801,0.0012203291705805697
2004-11-05,0.011537126,0.008874652769637281,0.00883516655018357
2004-11-08,-0.00370662,-0.0012937003558862736,-0.0014121636917937552
2004-11-09,-0.004908339,-0.0005447695099191074,-0.0005842557293728179
2004-11-10,0.006300685,0.008820038089416338,0.008780551869962627
2004-11-11,0.006872439,0.006757368544244802,0.006717882324791091
2004-11-12,0.007157726,0.0063238824960683004,0.00628439627661459
2004-11-15,-0.002282737,0.0005446713548376003,0.0004262080189301187
2004-11-16,-0.003624584,-0.005075609154150618,-0.005115095373604328
2004-11-17,0.004721462,0.0017328086515917551,0.0016933224321380447
2004-11-18,-0.000947933,-0.00046830691328225704,-0.0005077931327359675
2004-11-19,-0.010829527,-0.005143204276325086,-0.005182690495778797
2004-11-22,-0.007539132,-0.004530078727791986,-0.004648542063699468
2004-11-23,-0.005593142,0.001108959990304914,0.0010694737708512037
2004-11-24,-0.00358815,-0.0009002988599249306,-0.0009397850793786411
2004-11-25,0.007761982,0.0029963378187505274,0.002956851599296817
2004-11-26,0.000441512,-0.0015376929762176417,-0.0015771791956713521
2004-11-29,-0.004856911,-0.007086007916261683,-0.0072044712521691645
2004-11-30,-0.012485411,-0.003102027863267298,-0.0031415140827210086
2004-12-01,0.01102708,0.007022684155040926,0.006983197935587215
2004-12-02,0.009942794,0.004148018548102428,0.004108532328648717
2004-12-03,-0.002312611,-0.00014266442807564506,-0.0001821506475293555
2004-12-06,-0.005970532,-0.0032987864020671553,-0.003417249737974637
2004-12-07,0.006754452,0.0029599542957445824,0.002920468076290872
2004-12-08,0.000835011,0.0018600513163291588,0.0018205650968754483
2004-12-09,-0.001443727,-0.00027441517083670597,-0.0003139013902904164
2004-12-10,0.004419785,0.000861938242327609,0.0008224520228738985
2004-12-13,0.007279242,0.006016993503693113,0.005898530167785632
2004-12-14,0.004600728,0.0005328339021579698,0.0004933476827042593
2004-12-15,-0.002208815,-0.0015584353232209747,-0.0015979215426746851
2004-12-16,0.001845948,-0.0005873149762765095,-0.00062680119573022
2004-12-17,-0.00712229,-0.0025665642815217993,-0.0026060505009755097
2004-12-20,0.008104864,0.008398910306181229,0.008280446970273747
2004-12-21,-0.00130026,-7.054320432098304e-05,-0.00011002942377469349
2004-12-22,0.008007249,0.0034766761201672214,0.003437189900713511
2004-12-23,0.0013886,0.0017781376954768557,0.0017386514760231453
2004-12-24,0.0,0.0,-3.948621945371045e-05
2004-12-27,-0.001502427,-0.001009200433344959,-0.0011276637692524405
2004-12-28,2.13e-05,-0.002357604155261317,-0.0023970903747150274
2004-12-29,0.001528314,0.0024948205193855433,0.002455334299931833
2004-12-30,0.000288189,0.003368849812533714,0.0033293635930800036
2004-12-31,0.0,0.0,-3.948621945371045e-05
2005-01-03,0.012893902,0.00015469753504060435,3.623419913312276e-05
2005-01-04,0.001258988,0.0035613530402696103,0.0035218668208159
2005-01-05,-0.00811026,-0.006308990551219029,-0.00634847677067274
2005-01-06,0.002758391,0.003399138882372199,0.0033596526629184886
2005-01-07,-0.001105003,0.0010697556491503502,0.0010302694296966397
2005-01-10,-0.000351555,0.0017109977374885066,0.001592534401581025
2005-01-11,-0.002991611,-0.0013260715420445601,-0.0013655577614982706
2005-01-12,-0.007421517,-0.0057419428504942305,-0.005781429069947941
2005-01-13,0.003565556,0.001302457950429714,0.0012629717309760036
2005-01-14,0.007448082,0.010889207165617032,0.010849720946163321
2005-01-17,0.005656655,0.005525965410780875,0.005407502074873394
2005-01-18,-0.003245815,-0.0011229439258928497,-0.0011624301453465602
2005-01-19,0.00210391,0.0041880314723825585,0.004148545252928848
2005-01-20,-0.003422173,-0.0014885246907742067,-0.0015280109102279171
2005-01-21,0.001364675,-0.0004402527071502016,-0.00047973892660391204
2005-01-24,0.001664364,-6.95060372761791e-05,-0.0001879693731836607
2005-01-25,0.002805115,0.0026030203042237687,0.0025635340847700583
2005-01-26,0.000723752,0.0012535898920817967,0.0012141036726280863
2005-01-27,0.000772064,0.0020248901915931317,0.001985403972139421
2005-01-28,-0.003471609,-0.0025348023229092576,-0.002574288542362968
2005-01-31,0.004006025,0.006479661674619663,0.006006262157014963
2005-02-01,0.004442927,-0.0015725486296199742,-0.0016120348490736847
2005-02-02,0.00010405,0.003125195976308115,0.0030857097568544045
2005-02-03,0.003995099,0.0021093812236980813,0.002069895004244371
2005-02-04,0.004711485,0.005597781172815397,0.0055582949533616866
2005-02-07,0.004813158,0.006261475872988198,0.0061430125370807165
2005-02-08,0.001979909,0.0024043057547924462,0.002364819535338736
2005-02-09,-0.002183158,0.0008184627997507299,0.0007789765802970194
2005-02-10,0.001635817,-0.002247387597657746,-0.0022868738171114567
2005-02-11,0.007020021,0.005486590577725048,0.005447104358271337
2005-02-14,9.73e-05,0.002034036134644035,0.0019155727987365534
2005-02-15,0.000683018,-0.0003880497819027662,-0.0004275360013564766
2005-02-16,-0.007311445,-0.00536752264659679,-0.0054070088660505
2005-02-17,0.002108273,0.0027557541192928525,0.002716267899839142
2005-02-18,0.003544262,0.006548960746311616,0.006509474526857906
2005-02-21,0.003995852,0.0019026142221836295,0.001784150886276148
2005-02-22,-0.003154645,-0.003787707978358479,-0.0038271941978121893
2005-02-23,-0.007596013,-0.006489976638088479,-0.00652946285754219
2005-02-24,0.002742093,0.0003523429564871172,0.0003128567370334068
2005-02-25,0.008619769,0.010788456869638363,0.010748970650184653
2005-02-28,-0.000358341,0.0024626061357388984,0.002344142799831417
2005-03-01,0.00684249,0.005361097740018694,0.005321611520564984
2005-03-02,0.005835369,0.002373879726943251,0.0023343935074895406
2005-03-03,-0.000260467,0.0020845225936050316,0.002045036374151321
2005-03-04,0.005117174,0.00197676594945273,0.0019372797299990197
2005-03-07,0.000974801,-7.066237550190646e-05,-0.00018912571140938805
2005-03-08,-0.005196829,-0.0015112567088374496,-0.00155074292829116
2005-03-09,-0.001953429,-0.0020159137537865135,-0.002055399973240224
2005-03-10,-0.003254657,-0.006174979656770718,-0.006214465876224429
2005-03-11,0.004285126,0.0020232769349177726,0.001983790715464062
2005-03-14,-0.001394073,0.0013304110150520465,0.001211947679144565
2005-03-15,0.007711555,0.0012066575435798477,0.0011671713241261372
2005-03-16,-0.010394444,-0.006232651383678345,-0.006272137603132055
2005-03-17,-0.002401723,-0.0034529952501691774,-0.003492481469622888
2005-03-18,-0.004687237,-0.0024417942406296245,-0.002481280460083335
2005-03-21,0.00127023,-0.0035012148474271587,-0.0036196781833346403
2005-03-22,0.00073328,-0.002986827830247063,-0.0030263140497007734
2005-03-23,0.000741733,-0.00732377873478629,-0.007363264954240001
2005-03-24,0.001720444,0.004405924690692009,0.004366438471238299
2005-03-25,0.0,0.0,-3.948621945371045e-05
2005-03-28,0.0,0.0,-0.00011846333590748159
2005-03-29,0.003143498,-8.667614703794513e-05,-0.00012616236649165558
2005-03-30,-0.003703604,0.0009967505271413213,0.0009572643076876108
2005-03-31,-0.000163771,0.0011650377344327723,0.0011255515149790618
2005-04-01,0.003814464,0.004150333755578384,0.004110847536124673
2005-04-04,-0.007479234,-0.0046475624118405,-0.004766025747747982
2005-04-05,0.00685095,0.0034524747204107697,0.0034129885009570593
2005-04-06,0.008801793,0.005130184977425234,0.0050906987579715235
2005-04-07,0.003598646,0.003040150443665457,0.0030006642242117465
2005-04-08,-0.00046175,0.0007782712330763886,0.0007387850136226781
2005-04-11,-0.000340394,-0.001355565112826973,-0.0014740284487344546
2005-04-12,-0.003834052,-0.0010553775006165722,-0.0010948637200702827
2005-04-13,0.004212825,0.0058094036638483,0.00576991744439459
2005-04-14,0.002457855,0.0015716144490673933,0.0015321282296136829
2005-04-15,-0.003245586,-0.009544015135267148,-0.009583501354720858
2005-04-18,-0.016187866,-0.02142096972117291,-0.021539433057080393
2005-04-19,0.008290069,0.004839381817195676,0.0047998955977419655
2005-04-20,-0.005271655,-0.0022401924879064117,-0.002279678707360122
2005-04-21,-0.001643232,-0.002905942573901088,-0.0029454287933547985
2005-04-22,0.006002169,0.0047046088713640355,0.004665122651910325
2005-04-25,-0.00230351,-0.0045662387849219055,-0.004684702120829387
2005-04-26,0.001959819,-0.002997459260681401,-0.0030369454801351115
2005-04-27,-0.012626826,-0.012636011323466256,-0.012675497542919967
2005-04-28,0.001243778,-0.0020189204470082434,-0.002058406666461954
2005-04-29,0.003737993,0.002686257806225001,0.0026467715867712904
2005-04-30,0.0,0.0,-0.00033099591060279114
2005-05-02,0.009160542,0.008809524251860879,0.008730550253791769
2005-05-03,0.001027923,-0.0033040520152847197,-0.00334353823473843
2005-05-04,0.010021428,0.005120566365410806,0.005081080145957095
2005-05-05,0.0,0.0,-3.948621945371045e-05
2005-05-06,0.007013102,0.0018026095691450195,0.001763123349691309
2005-05-09,-0.003214948,0.001683666580422738,0.0015652032445152564
2005-05-10,-0.01327038,-0.007481814734989767,-0.007521300954443477
2005-05-11,0.00021821,8.918592156992311e-05,4.969970211621266e-05
2005-05-12,0.005351653,0.003170705148259012,0.0031312189288053016
2005-05-13,-0.000781646,-0.001428958902710109,-0.0014684451221638195
2005-05-16,0.0,0.0,-0.00011846333590748159
2005-05-17,-4.65e-05,-0.0006033380925615228,-0.0006428243120152333
2005-05-18,0.007958124,0.002729621624533607,0.0026901354050798965
2005-05-19,0.00329795,0.005010608313396281,0.00497112209394257
2005-05-20,0.00074727,-0.0004706612678859745,-0.000510147487339685
2005-05-23,0.002728453,0.001974839950695584,0.0018563766147881022
2005-05-24,0.00665189,0.0027790147852899683,0.002739528565836258
2005-05-25,0.002429707,0.0027491125068783706,0.00270962628742466
2005-05-26,0.006868926,0.0033741905097650626,0.003334704290311352
2005-05-27,0.003125168,0.0012624367287916716,0.0012229505093379611
2005-05-30,-1.29e-05,0.002280493396810579,0.0021620300609030974
2005-05-31,-0.004636782,-0.003152300765114302,-0.0031917869845680125
2005-06-01,0.012735206,0.008205021775590904,0.008165535556137193
2005-06-02,0.002984345,0.004809818876325922,0.0047703326568722115
2005-06-03,-0.002530417,-0.0013005192925208409,-0.0013400055119745513
2005-06-06,-0.003259218,-0.0034247924286463505,-0.003543255764553832
2005-06-07,0.007720658,0.0062186572361238035,0.006179171016670093
2005-06-08,0.000249602,-0.0003625187276132813,-0.00040200494706699175
2005-06-09,0.001080633,-0.0010542860901184836,-0.001093772309572194
2005-06-10,-0.000207021,0.001027232469606787,0.0009877462501530765
2005-06-13,0.004612453,0.004145910308990475,0.004027446973082993
2005-06-14,0.000595204,0.0007442781069142423,0.0007047918874605319
2005-06-15,-0.001820284,-0.0018772046827000288,-0.0019166909021537393
2005-06-16,0.000543291,0.0012095725388612255,0.001170086319407515
2005-06-17,0.000675588,0.00040237827853917274,0.0003628920590854623
2005-06-20,-0.004050788,-0.0038323334313593582,-0.00395079676726684
2005-06-21,0.008497752,0.006548566549387624,0.006509080329933914
2005-06-22,-0.001019765,0.0012406517171317244,0.001201165497678014
2005-06-23,-0.00154693,0.0005071159182967744,0.00046762969884306393
2005-06-24,-0.007364549,-0.005428734279292247,-0.005468220498745957
2005-06-27,-0.005257726,-0.006259722955232361,-0.006378186291139842
2005-06-28,0.003246574,0.0056078806515691415,0.005568394432115431
2005-06-29,0.007898379,0.0024199101094564135,0.002380423890002703
2005-06-30,-0.000750637,0.0018986293106226793,0.0018591430911689688
2005-07-01,0.003939071,0.0022143907557679032,0.0021749045363141928
2005-07-04,0.001362366,1.385386414520795e-05,-0.00010460947176227364
2005-07-05,0.00014861,-0.0007238726398951512,-0.0007633588593488616
2005-07-06,0.004405314,0.00419944831843555,0.00415996209898184
2005-07-07,-0.009082442,-0.007298961696172945,-0.007338447915626656
2005-07-08,0.010229657,0.008183397546329685,0.008143911326875974
2005-07-11,0.007126756,0.0059335700359259835,0.005815106700018502
2005-07-12,-0.003841965,-8.675107330968768e-05,-0.00012623729276339812
2005-07-13,0.010369123,0.010046779984412835,0.010007293764959124
2005-07-14,0.00810873,0.00877516632912867,0.00873568010967496
2005-07-15,0.001411535,-0.0005663116934151446,-0.0006057979128688551
2005-07-18,0.000691552,0.0025662393645329296,0.002447776028625448
2005-07-19,0.002676895,0.003888647329532091,0.0038491611100783807
2005-07-20,0.003588044,-0.0027047917316908032,-0.0027442779511445137
2005-07-21,-0.002240065,8.043725379591748e-05,4.095103434220704e-05
2005-07-22,0.001072948,0.0016768215647260387,0.0016373353452723283
2005-07-25,0.001233579,-0.0024833770805537947,-0.0026018404164612763
2005-07-26,0.002795361,0.0047826514341358095,0.004743165214682099
2005-07-27,0.006060545,0.004282180793729662,0.004242694574275951
2005-07-28,0.006982997,0.003832661133954307,0.0037931749145005966
2005-07-29,-0.000966228,0.0009403816342392624,0.0009008954147855519
2005-07-31,0.0,0.0,-0.0005469903078363792
2005-08-01,0.001412933,0.0018280095778371308,0.0017885233583834204
2005-08-02,0.008771668,0.0037646432270701524,0.003725157007616442
2005-08-03,-0.001741443,-0.0004949860006635554,-0.0005344722201172658
2005-08-04,-0.00546433,-0.002525122521384149,-0.0025646087408378593
2005-08-05,-0.001307612,-0.0009562002981738926,-0.000995686517627603
2005-08-08,0.003822671,0.0012412634376148812,0.0011228001017073996
2005-08-09,0.000698682,0.003016470889001477,0.0029769846695477664
2005-08-10,0.006940406,0.005467329792980369,0.005427843573526658
2005-08-11,-0.001337657,-0.0008884135296889362,-0.0009278997491426466
2005-08-12,-0.004307479,-0.0026558412855935964,-0.002695327505047307
2005-08-15,-0.001323514,-0.0006549842814176365,-0.0007734476173251181
2005-08-16,0.000674502,0.006021799787078175,0.005982313567624464
2005-08-17,-0.00110694,-0.0033517842447865487,-0.003391270464240259
2005-08-18,-0.00498873,-0.0038990628684948403,-0.003938549087948551
2005-08-19,0.00623486,0.007880524693670843,0.007841038474217132
2005-08-22,-0.001511998,0.0020924351202886715,0.00197397178438119
2005-08-23,-0.008204866,-0.0037127539946483212,-0.0037522402141020317
2005-08-24,-0.004442732,-0.003510699505460124,-0.0035501857249138347
2005-08-25,-0.007696209,-0.008083691776411217,-0.008123177995864928
2005-08-26,-0.005004263,-0.0021255569473876967,-0.002165043166841407
2005-08-29,0.002586797,0.002360169978316229,0.0022417066424087473
2005-08-30,0.001431826,-0.001825732161047644,-0.0018652183805013545
2005-08-31,0.0065422,0.006443243964786127,0.006403757745332417
2005-09-01,0.00568998,0.004988380986918228,0.004948894767464518
2005-09-02,-0.002818905,-0.0020088363194742387,-0.002048322538927949
2005-09-05,0.001364352,-7.53859188018513e-05,-0.0001938492547093329
2005-09-06,0.009813553,0.007201894023222133,0.0071624078037684225
2005-09-07,0.010922801,0.006447993287695741,0.006408507068242031
2005-09-08,-0.000386095,-0.0023159539272616936,-0.002355440146715404
2005-09-09,0.003360521,0.0009957861839613447,0.0009562999645076342
2005-09-12,0.004242273,0.006785296125054963,0.006666832789147481
2005-09-13,-0.004463686,-0.005632434753865434,-0.0056719209733191445
2005-09-14,0.005126742,0.0026064842776898356,0.002566998058236125
2005-09-15,0.002889623,0.0032910446730869403,0.00325155845363323
2005-09-16,0.007876062,0.0036654115007379584,0.003625925281284248
2005-09-19,-0.00030781,-0.0008609229558970144,-0.000979386291804496
2005-09-20,0.004597396,0.0027652895171756953,0.002725803297721985
2005-09-21,-0.010102848,-0.007530110378202948,-0.007569596597656658
2005-09-22,-0.003970919,-0.004839666831381151,-0.004879153050834861
2005-09-23,0.006667897,0.006079179332800555,0.0060396931133468446
2005-09-26,0.009290979,0.003974250021133052,0.0038557866852255707
2005-09-27,-0.000265799,0.00014752104409510025,0.0001080348246413898
2005-09-28,0.007400366,0.004110303747625332,0.004070817528171622
2005-09-29,-0.005625796,-0.0018806035860449155,-0.001920089805498626
2005-09-30,0.006459583,0.015039858165635245,0.015000371946181534
2005-10-03,0.014259127,0.0028558317404014932,0.0027373684044940116
2005-10-04,0.004822144,0.0024752815184219124,0.002435795298968202
2005-10-05,-0.002540977,-0.004007015828305649,-0.004046502047759359
2005-10-06,-0.012365862,-0.011271122510002063,-0.011310608729455773
2005-10-07,0.000291003,-0.0009245395940992163,-0.0009640258135529267
2005-10-10,0.000674402,0.0008145266903016868,0.0006960633543942052
2005-10-11,0.002244603,0.001380303766989499,0.0013408175475357886
2005-10-12,-0.006298691,-0.0038798650919767974,-0.003919351311430508
2005-10-13,-0.008021836,-0.008550409750911148,-0.008589895970364858
2005-10-14,6.88e-05,0.00021320041821337732,0.00017371419875966687
2005-10-17,0.001889698,0.0014891719544767312,0.0013707086185692496
2005-10-18,0.007699012,-0.00037819779887504623,-0.0004176840183287567
2005-10-19,-0.018247885,-0.01592342455758311,-0.01596291077703682
2005-10-20,0.009021722,0.005195894893336828,0.005156408673883117
2005-10-21,-0.005209886,-0.006119239347478489,-0.006158725566932199
2005-10-24,0.008924508,0.006871565912118127,0.006753102576210646
2005-10-25,0.003570966,0.001094973352695927,0.0010554871332422167
2005-10-26,0.004320744,0.0011975071104157742,0.0011580208909620637
2005-10-27,-0.00784133,-0.008875992677064737,-0.008915478896518447
2005-10-28,-0.006070239,-0.0035893247585739863,-0.0036288109780276967
2005-10-31,0.022366665,0.015339279579004161,0.01489808900712565
2005-11-01,0.008450097,0.0008859423439682157,0.0008464561245145052
2005-11-02,0.002522518,0.002519664245305364,0.0024801780258516537
2005-11-03,0.012788373,0.009517306987292473,0.009477820767838763
2005-11-04,-0.000702511,0.0007254140889279004,0.0006859278694741899
2005-11-07,0.006224518,0.003161649470841077,0.0030431861349335954
2005-11-08,0.000329314,0.0017818587039271083,0.0017423724844733979
2005-11-09,-0.002375375,0.002019249290172276,0.0019797630707185654
2005-11-10,0.000922513,0.002604446487635359,0.0025649602681816486
2005-11-11,0.013424212,0.007679389010890603,0.007639902791436892
2005-11-14,-0.004682069,-0.0011169004298108298,-0.0012353637657183114
2005-11-15,0.001267667,0.0008990008375471259,0.0008595146180934155
2005-11-16,-0.00716173,-0.0072604079999301074,-0.007299894219383818
2005-11-17,0.007687501,0.005541728072390839,0.005502241852937129
2005-11-18,0.012605996,0.0045263660851371235,0.004486879865683413
2005-11-21,0.002663206,0.002405012981406829,0.0022865496454993472
2005-11-22,0.002144791,0.0014801219676587873,0.001440635748205077
2005-11-23,0.003573498,0.002040672190657178,0.0020011859712034674
2005-11-24,-0.002556272,-0.0003935970774756603,-0.00043308329692937075
2005-11-25,0.003380519,0.0015988884478324028,0.0015594022283786924
2005-11-28,-0.009768712,-0.010746795060692094,-0.010865258396599575
2005-11-29,0.001888224,0.0012367394042793745,0.001197253184825664
2005-11-30,-0.004028917,-0.0022574562458697045,-0.002296942465323415
2005-12-01,0.016105883,0.0082403113976115,0.008200825178157789
2005-12-02,0.007080237,0.004409576486933187,0.004370090267479476
2005-12-05,-0.000268658,0.0011777864007174177,0.001059323064809936
2005-12-06,0.00286878,0.0006301222445055377,0.0005906360250518272
2005-12-07,-0.002603052,-3.2929868730824374e-05,-7.241608818453482e-05
2005-12-08,-0.003476886,-0.0035771482135226185,-0.003616634432976329
2005-12-09,0.000747522,0.001538444711272069,0.0014989584918183585
2005-12-12,-0.000278143,0.001521957383168182,0.0014034940472607005
2005-12-13,0.001359606,0.003025248155907212,0.0029857619364535015
2005-12-14,-0.007257115,-0.0027588047177785624,-0.002798290937232273
2005-12-15,-0.007317206,-0.0024598028651420245,-0.002499289084595735
2005-12-16,0.004301754,0.0016400209801745724,0.001600534760720862
2005-12-19,0.004993097,0.0018820103803629529,0.0017635470444554713
2005-12-20,-0.001632087,0.001722630982511797,0.0016831447630580865
2005-12-21,0.004328844,0.00466776296080762,0.004628276741353909
2005-12-22,-0.00362336,-0.0006319656628159809,-0.0006714518822696913
2005-12-23,-0.002233269,-0.00122499061323178,-0.0012644768326854905
2005-12-26,0.0,0.0,-0.00011846333590748159
2005-12-27,0.00659496,0.0001917079074322814,0.00015222168797857094
2005-12-28,0.001682585,0.0033304957312279004,0.00329100951177419
2005-12-29,0.007731085,0.006331795603979451,0.0062923093845257405
2005-12-30,-0.003968577,0.0006098611816494071,0.0005703749621956966
2005-12-31,0.0,0.0,-3.948621945371045e-05
2006-01-02,0.0,6.492914073064071e-08,-7.89090689283789e-05
2006-01-03,0.006617431,0.0003203153652018287,0.00028082914574811824
2006-01-04,0.012237886,0.00963275097932681,0.009593264759873099
2006-01-05,-0.002285021,-0.00016496440294733183,-0.00020445062240104228
2006-01-06,0.002232013,0.00037423569754180264,0.0003347494780880922
2006-01-09,-0.000174335,0.0004300828387813205,0.0003116195028738389
2006-01-10,-0.00646348,-0.002354250434581928,-0.0023937366540356386
2006-01-11,0.011054752,0.009882703162642725,0.009843216943189015
2006-01-12,0.005905147,0.0002639679095421954,0.00022448169008848495
2006-01-13,0.000629343,-0.000758210861376285,-0.0007976970808299955
2006-01-16,0.004176071,0.00400180786087434,0.0038833445249668586
2006-01-17,-0.006042749,-0.005231215979981996,-0.005270702199435706
2006-01-18,-0.007078899,-0.002345061569915874,-0.0023845477893695843
2006-01-19,0.004913276,0.0023348838518304493,0.002295397632376739
2006-01-20,-0.008675029,-0.0016282701737290184,-0.0016677563931827288
2006-01-23,8.05e-05,-0.003709580243275723,-0.0038280435791832046
2006-01-24,-0.000969205,-0.0039513093776083474,-0.003990795597062058
2006-01-25,-0.001244391,0.0010248653848312639,0.0009853791653775534
2006-01-26,0.008383503,0.005035244477188394,0.004995758257734684
2006-01-27,0.004858938,0.007226104601396832,0.007186618381943122
2006-01-30,0.001427768,-0.0010972522019161435,-0.001215715537823625
2006-01-31,0.002739842,0.0004750468917711359,7.560767176780582e-05
2006-02-01,0.003344606,0.006566974378102275,0.0065274881586485645
2006-02-02,-0.005217877,-0.0012565333881122687,-0.0012960196075659791
2006-02-03,0.006249007,0.005464724889432393,0.0054252386699786825
2006-02-06,1.01e-05,0.0014121547602916618,0.0012936914243841802
2006-02-07,-0.000367772,0.0007231975963331028,0.0006837113768793923
2006-02-08,-0.000777813,-0.0001716482489422244,-0.00021113446839593486
2006-02-09,0.005337965,0.005268352618942318,0.0052288663994886075
2006-02-10,-0.001028478,0.0019491029678597727,0.0019096167484060622
2006-02-13,0.003056804,0.0010682177069820664,0.0009497543710745848
2006-02-14,-0.000512365,0.00015922304363114037,0.00011973682417742992
2006-02-15,-0.009885201,-0.005393663315457986,-0.0054331495349116965
2006-02-16,0.013000987,0.004063597908725125,0.004024111689271415
2006-02-17,0.001285244,0.0026076660401042062,0.0025681798206504958
2006-02-20,0.004259805,0.0031672724744056246,0.003048809138498143
2006-02-21,0.006384127,0.005995027483740145,0.005955541264286435
2006-02-22,0.004443501,0.004214057156648465,0.004174570937194755
2006-02-23,-0.006048595,-0.0010518859654046198,-0.0010913721848583302
2006-02-24,-0.002741974,0.0034906241510614944,0.003451137931607784
2006-02-27,0.005386667,0.0022416206587976273,0.0021231573228901457
2006-02-28,-0.011885783,-0.0026425195215360464,-0.002682005740989757
2006-03-01,0.010560089,0.00642253658660219,0.0063830503671484795
2006-03-02,-0.004169033,-0.0035048481704986756,-0.003544334389952386
2006-03-03,0.001756903,0.001240921720871535,0.0012014355014178246
2006-03-06,0.000460316,0.006330402475620112,0.00621193913971263
2006-03-07,-0.007003813,-0.006686028034200264,-0.006725514253653975
2006-03-08,-0.004221631,-0.004275335117561729,-0.00431482133701544
2006-03-09,0.003540723,0.002726844843223164,0.0026873586237694536
2006-03-10,0.012957897,0.007331268783582479,0.007291782564128768
2006-03-13,0.008288557,0.007105218079652698,0.006986754743745216
2006-03-14,-0.000530455,0.0006791964022985209,0.0006397101828448104
2006-03-15,-0.001766408,0.0013572432313921912,0.0013177570119384807
2006-03-16,0.000667041,-0.0007102014295363723,-0.0007496876489900828
2006-03-17,0.00432228,0.005358556770631351,0.00531907055117764
2006-03-20,0.002164822,0.0006514853763148754,0.0005330220404073938
2006-03-21,-0.000275281,-0.00011953204781545157,-0.00015901826726916202
2006-03-22,0.001328191,0.002611776208561123,0.0025722899891074125
2006-03-23,-0.004310896,-9.542780599403056e-05,-0.000134914025447741
2006-03-24,0.002778067,0.004399235137489743,0.004359748918036033
2006-03-27,-0.006921066,-0.003908714495729049,-0.00402717783163653
2006-03-28,-0.0007276,0.0011687568661835623,0.0011292706467298519
2006-03-29,0.000925672,0.0012206100876097636,0.0011811238681560532
2006-03-30,0.006225789,0.003463048760460996,0.0034235625410072856
2006-03-31,-0.00092882,-0.0012985921116098753,-0.0013380783310635858
2006-04-03,0.006968568,0.004363115646974558,0.004244652311067076
2006-04-04,-0.002615068,-4.8718886573095865e-05,-8.820510602680631e-05
2006-04-05,0.004764051,0.00316117667760607,0.0031216904581523597
2006-04-06,0.001548331,0.004337776510647595,0.004298290291193885
2006-04-07,0.000512102,0.003374302504658866,0.0033348162852051555
2006-04-10,1.6e-05,-0.00512437545784139,-0.005242838793748872
2006-04-11,-0.009529051,-0.007126538733217447,-0.007166024952671157
2006-04-12,-0.00297418,-0.004251337175956049,-0.00429082339540976
2006-04-13,0.003935159,0.00044514681197860284,0.0004056605925248924
2006-04-14,0.0,0.0,-3.948621945371045e-05
2006-04-17,0.0,0.0,-0.00011846333590748159
2006-04-18,-0.00501862,0.0002390892233017361,0.00019960300384802565
2006-04-19,0.010953191,0.00894613760380425,0.008906651384350539
2006-04-20,0.004210564,0.004933238920513006,0.004893752701059295
2006-04-21,0.004849803,0.007982630475926067,0.007943144256472356
2006-04-24,-0.001693305,-0.0006883556699825988,-0.0008068190058900804
2006-04-25,-0.004166973,-0.005393158540949683,-0.005432644760403393
2006-04-26,0.004708864,0.005251853600788614,0.005212367381334904
2006-04-27,0.000885957,-0.0014307352478323265,-0.001470221467286037
2006-04-28,-0.002939413,-0.0001775012958614708,-0.00021698751531518123
2006-04-30,0.0,0.0,-0.0005081452372777289
2006-05-01,0.0,0.0,-3.948621945371045e-05
2006-05-02,0.003194418,-0.00010743404389212952,-0.00014692026334583996
2006-05-03,-0.011872758,-0.005215673238319618,-0.0052551594577733285
2006-05-04,0.003019183,0.0037323505710473714,0.003692864351593661
2006-05-05,0.011298717,0.006522656428723295,0.006483170209269584
2006-05-08,0.006194738,0.0043868064780758775,0.004268343142168396
2006-05-09,0.00252019,0.00027205539626140585,0.0002325691768076954
2006-05-10,-0.001386247,0.0003380351542521254,0.00029854893479841493
2006-05-11,-0.001096008,-0.002199946491904914,-0.0022394327113586243
2006-05-12,-0.017828883,-0.01569663867265636,-0.01573612489211007
2006-05-15,-0.013310562,-0.014091271267358207,-0.014209734603265689
2006-05-16,0.003290552,-0.001491053433419598,-0.0015305396528733084
2006-05-17,-0.028007233,-0.0191025854548309,-0.01914207167428461
2006-05-18,-0.009664414,-0.013985495731712816,-0.014024981951166526
2006-05-19,0.001849715,0.0019458025910792376,0.0019063163716255271
2006-05-22,-0.025662729,-0.0196793393777005,-0.01979780271360798
2006-05-23,0.019151764,0.011853953343587298,0.011814467124133587
2006-05-24,-0.011054039,-0.009364737254312083,-0.009404223473765794
2006-05-25,0.0,0.0,-3.948621945371045e-05
2006-05-26,0.026178927,0.0004970033403146612,0.00045751712086095075
2006-05-29,0.001773578,0.0010467512344698449,0.0009282878985623633
2006-05-30,-0.019646848,-0.013891958752897504,-0.013931444972351215
2006-05-31,0.009366923,0.005837277453978107,0.0057977912345243965
2006-06-01,0.001537664,0.00018563029117202312,0.00014614407171831267
2006-06-02,0.007017568,0.009238507788542849,0.009199021569089139
2006-06-05,0.0,0.0,-0.00011846333590748159
2006-06-06,-0.022079152,-0.0009617391916847406,-0.001001225411138451
2006-06-07,0.005654252,0.001405605228096185,0.0013661190086424746
2006-06-08,-0.027007894,-0.02180025315790779,-0.0218397393773615
2006-06-09,0.012506733,0.013597910044655936,0.013558423825202226
2006-06-12,-0.013799763,-0.007176242934768706,-0.007294706270676188
2006-06-13,-0.023706768,-0.0196796512378139,-0.01971913745726761
2006-06-14,0.002274852,0.0012498420272830657,0.0012103558078293553
2006-06-15,0.021803686,0.022118836526979102,0.02207935030752539
2006-06-16,-0.002921969,-0.003438594318678656,-0.0034780805381323665
2006-06-19,0.008225869,0.005037306920157469,0.004918843584249988
2006-06-20,0.003866783,0.0008120642862836647,0.0007725780668299542
2006-06-21,0.003388412,0.00236298846615024,0.0023235022466965294
2006-06-22,0.007425182,0.005931220864402009,0.005891734644948299
2006-06-23,0.000546087,0.002002897090832345,0.0019634108713786347
2006-06-26,-0.002490376,0.0009134858796029377,0.0007950225436954561
2006-06-27,-0.006829069,-0.005314353952696971,-0.005353840172150681
2006-06-28,0.002768427,0.001274366661702997,0.0012348804422492865
2006-06-29,0.014140814,0.011735838527253906,0.011696352307800195
2006-06-30,0.014579067,0.010852155571451139,0.010812669351997428
2006-07-03,0.008823569,0.008510992974221532,0.00839252963831405
2006-07-04,0.001963986,4.7530007775353766e-05,8.04378832164332e-06
2006-07-05,-0.008770779,-0.006201537997824302,-0.006241024217278013
2006-07-06,0.00557884,0.004694136408377014,0.004654650188923304
2006-07-07,-0.005779538,-0.002156676581215655,-0.0021961628006693656
2006-07-10,0.006000872,0.003782961527584172,0.0036644981916766906
2006-07-11,-0.003827313,-0.0004621242956834859,-0.0005016105151371963
2006-07-12,0.00448096,0.004726403393954248,0.004686917174500538
2006-07-13,-0.015177956,-0.012010749839839518,-0.012050236059293229
2006-07-14,-0.01031911,-0.005658559744313063,-0.0056980459637667735
2006-07-17,-0.002263704,-0.004863646320734993,-0.004982109656642475
2006-07-18,-0.005590763,-0.006699652713106019,-0.0067391389325597295
2006-07-19,0.018590267,0.013743314054467604,0.013703827835013893
2006-07-20,0.008055382,0.0059448240044097655,0.005905337784956055
2006-07-21,-0.005324546,-0.005633985321855772,-0.005673471541309483
2006-07-24,0.019426086,0.01029184890667989,0.010173385570772409
2006-07-25,0.000606971,0.00016891487605530386,0.00012942865660159342
2006-07-26,0.004343737,0.006535967373881846,0.006496481154428135
2006-07-27,0.005575697,0.006255492985030697,0.006216006765576987
2006-07-28,0.010351459,0.004946373463685649,0.004906887244231939
2006-07-31,0.000267271,0.0025652658484975888,0.00214377267641296
2006-08-01,0.0,0.0,-3.948621945371045e-05
2006-08-02,-0.003896262,-0.00014733174224046408,-0.00018681796169417453
2006-08-03,-0.010959033,-0.0062067677830964785,-0.006246254002550189
2006-08-04,0.009583016,0.005174290264039927,0.005134804044586216
2006-08-07,-0.012025438,-0.01003668852743933,-0.010155151863346812
2006-08-08,0.000553714,0.003126521882174549,0.0030870356627208384
2006-08-09,0.010835908,0.0021573537234151896,0.002117867503961479
2006-08-10,-0.005109764,-0.003703328135550299,-0.0037428143550040094
2006-08-11,0.001696717,0.0014409820215361968,0.0014014958020824864
2006-08-14,0.008047388,0.0043106188839796555,0.004192155548072174
2006-08-15,0.014965558,0.008537372948588473,0.008497886729134763
2006-08-16,0.004476043,0.0019992937617543394,0.001959807542300629
2006-08-17,0.002908156,0.006444635361773088,0.006405149142319377
2006-08-18,-0.003256637,-0.001571857251847164,-0.0016113434713008745
2006-08-21,-0.00300946,-0.002387161700834972,-0.0025056250367424537
2006-08-22,0.003141457,0.00557022888178893,0.00553074266233522
2006-08-23,-0.000214821,0.0011439642932582483,0.0011044780738045379
2006-08-24,0.002022938,0.0015947879104003526,0.0015553016909466422
2006-08-25,0.000665539,0.0001123528816027175,7.286666214900706e-05
2006-08-28,0.00180322,0.0007122683546125774,0.0005938050187050958
2006-08-29,0.006093928,0.006646440028344136,0.006606953808890426
2006-08-30,0.002762353,-6.336177651522501e-05,-0.00010284799596893546
2006-08-31,-0.001465322,-0.0019089886930140354,-0.0019484749124677458
2006-09-01,0.003131552,0.0038146146074951037,0.0037751283880413933
2006-09-04,0.004572124,0.002298755405252928,0.0021802920693454464
2006-09-05,-0.00042454,0.0002957673746626366,0.00025628115520892614
2006-09-06,-0.005888305,-0.0017263430746647934,-0.0017658292941185039
2006-09-07,-0.006084966,-0.005046618702198025,-0.005086104921651735
2006-09-08,0.005050752,0.002671008922956908,0.0026315227035031974
2006-09-11,-0.008593132,-0.0014778887473962943,-0.0015963520833037759
2006-09-12,0.011611272,0.00934548699346438,0.00930600077401067
2006-09-13,0.003052542,0.003394706250996249,0.0033552200315425385
2006-09-14,-0.003287088,0.0012235289849471531,0.0011840427654934427
2006-09-15,0.005441661,0.004830153543074811,0.004790667323621101
2006-09-18,0.003793226,0.0003651400077611111,0.0002466766718536295
2006-09-19,-0.002565358,0.000731295694192502,0.0006918094747387915
2006-09-20,0.012319215,0.006317198739963281,0.006277712520509571
2006-09-21,0.00397949,0.007095353797345938,0.0070558675778922275
2006-09-22,-0.00914751,-0.005654689123765211,-0.005694175343218921
2006-09-25,-0.00271328,-0.0015460166213985271,-0.0016644799573060087
2006-09-26,0.012899103,0.009660241304213502,0.009620755084759791
2006-09-27,0.003607897,0.003607733923825185,0.0035682477043714744
2006-09-28,0.000706473,0.00032908367806716576,0.0002895974586134553
2006-09-29,0.001410424,0.003406973248178957,0.0033674870287252467
2006-09-30,0.0,0.0,-3.948621945371045e-05
2006-10-02,-0.004995767,-0.0023582988496341217,-0.0024372728477032313
2006-10-03,0.000624354,0.0007375975054098038,0.0006981112859560934
2006-10-04,0.006680094,0.005449947740554517,0.005410461521100807
2006-10-05,0.007191786,0.005771254584842955,0.005731768365389245
2006-10-06,0.001013598,-0.00028093750476487767,-0.0003204237242185881
2006-10-09,0.003052782,0.0017231327044868738,0.0016046693685793922
2006-10-10,0.009026819,0.005554612616151422,0.0055151263966977115
2006-10-11,0.001067454,0.001940778660828757,0.0019012924413750465
2006-10-12,0.004248902,0.003553711636321788,0.0035142254168680775
2006-10-13,-0.002058448,-0.0016414571269411926,-0.001680943346394903
2006-10-16,-0.001835649,-0.0013297368356049999,-0.0014482001715124815
2006-10-17,-0.010446911,-0.005841791096565907,-0.0058812773160196175
2006-10-18,0.009196048,0.002147061240712844,0.0021075750212591338
2006-10-19,0.001018262,0.0013177225030907014,0.001278236283636991
2006-10-20,0.002611475,0.003511057635853687,0.0034715714163999767
2006-10-23,0.005528255,0.0033464409857777433,0.0032279776498702617
2006-10-24,-0.003506417,0.0014430069784803212,0.0014035207590266108
2006-10-25,0.002851124,0.004102976616625398,0.004063490397171687
2006-10-26,-0.000617021,-0.0017760170196142733,-0.0018155032390679837
2006-10-27,0.002652759,0.0017751536337098361,0.0017356674142561257
2006-10-30,-0.004778832,-0.002677684888899856,-0.0027961482248073377
2006-10-31,-0.008204765,-0.003257999112715959,-0.0037353890818090678
2006-11-01,0.004886275,0.0027868860499993264,0.002747399830545616
2006-11-02,0.003435247,0.0038459674889634865,0.003806481269509776
2006-11-03,0.006016633,0.002903405858346364,0.0028639196388926536
2006-11-06,0.010837262,0.004755824825401378,0.004637361489493896
2006-11-07,0.003877402,0.002816004295064456,0.0027765180756107455
2006-11-08,-0.005908177,-0.002163428079709262,-0.0022029142991629724
2006-11-09,-0.000581932,0.0014175932390603219,0.0013781070196066114
2006-11-10,-0.002670566,-0.0004987042698163524,-0.0005381904892700629
2006-11-13,0.001523226,-0.0006573560623212016,-0.0007758193982286832
2006-11-14,-0.001418639,0.0022164080751401194,0.002176921855686409
2006-11-15,0.00677115,0.00645312884760707,0.00641364262815336
2006-11-16,8.86e-05,-0.001328480116768005,-0.0013679663362217154
2006-11-17,-0.004612186,-0.001172093799271412,-0.0012115800187251224
2006-11-20,0.001286126,-0.002765854755756303,-0.0028843180916637845
2006-11-21,0.001597938,0.0008580341628383614,0.000818547943384651
2006-11-22,0.000877755,0.002200092482842253,0.0021606062633885426
2006-11-23,-0.002837476,0.0005051697690801049,0.00046568354962639447
2006-11-24,-0.011980188,-0.009097673666777273,-0.009137159886230983
2006-11-27,-0.014090266,-0.0084695818959315,-0.008588045231838981
2006-11-28,-0.006478777,-0.006101561661976951,-0.006141047881430661
2006-11-29,0.012984782,0.00793110951514353,0.00789162329568982
2006-11-30,-0.008609532,-0.002656688094141435,-0.0026961743135951455
2006-12-01,-0.006404802,0.0005614945202416788,0.0005220083007879683
2006-12-04,0.006574466,0.002539998019503109,0.0024215346835956275
2006-12-05,-0.00280737,-0.0009882189074339465,-0.001027705126887657
2006-12-06,0.007199939,0.00619687215334408,0.006157385933890369
2006-12-07,0.007468172,0.006279851512543955,0.006240365293090244
2006-12-08,-0.002910852,-0.0007542130021092053,-0.0007936992215629157
2006-12-11,0.006235779,0.005745485071139589,0.005627021735232107
2006-12-12,0.007814036,0.004368361749025773,0.004328875529572063
2006-12-13,0.001616096,0.005611551066063036,0.005572064846609326
2006-12-14,0.010136283,0.005421297183846985,0.005381810964393274
2006-12-15,0.001295812,0.0036070207795302345,0.003567534560076524
2006-12-18,0.004577242,0.0023363765281529947,0.002217913192245513
2006-12-19,-0.006171728,-0.0014961526144523507,-0.0015356388339060612
2006-12-20,0.001554326,0.00043068036829030376,0.0003911941488365933
2006-12-21,0.000940993,0.0026620950124662812,0.0026226087930125708
2006-12-22,-0.005005713,-0.0023222663443579483,-0.0023617525638116588
2006-12-25,0.0,0.0,-0.00011846333590748159
2006-12-26,0.0,0.0,-3.948621945371045e-05
2006-12-27,0.010387398,0.0001588220626917991,0.00011933584323808866
2006-12-28,-0.002032816,0.00023846941094651797,0.00019898319149280752
2006-12-29,-0.001101369,0.0007487313064928891,0.0007092450870391787
2006-12-31,0.0,0.0,-7.897399806910954e-05
2007-01-02,0.0,0.0,-7.897399806910954e-05
2007-01-03,0.014945491,0.00032352737737095794,0.0002840411579172475
2007-01-04,0.000126551,0.0022389285382675705,0.00219944231881386
2007-01-05,-0.002576195,-0.0014174693618665968,-0.0014569555813203072
2007-01-08,-0.004531388,-0.0013627934300048938,-0.0014812567659123754
2007-01-09,0.003286214,0.004557559703773029,0.004518073484319318
2007-01-10,-0.001468601,-0.0016577971472594433,-0.0016972833667131537
2007-01-11,0.013572733,0.008900560461123863,0.008861074241670153
2007-01-12,0.005441849,0.004047569493467407,0.004008083274013696
2007-01-15,0.008168383,0.006474542397534755,0.006356079061627273
2007-01-16,-0.002335782,0.0005537778288142725,0.0005142916093605621
2007-01-17,0.003607395,0.002565212480236001,0.0025257262607822906
2007-01-18,-3.06e-05,0.0015311825249058053,0.0014916963054520949
2007-01-19,0.004911748,0.003185952296498762,0.0031464660770450514
2007-01-22,-0.004453582,-0.0007360062358671149,-0.0008544695717745965
2007-01-23,-0.000506932,-0.00039241808131196265,-0.0004319043007656731
2007-01-24,0.006045978,0.005690459140229365,0.005650972920775654
2007-01-25,-0.001730656,-0.000501593519079413,-0.0005410797385331234
2007-01-26,-0.009548253,-0.005728122562793869,-0.00576760878224758
2007-01-29,0.007452689,0.00470456475313763,0.004586101417230148
2007-01-30,0.00421529,0.0030168381012061207,0.0029773518817524103
2007-01-31,-6.35e-05,0.0033126471996201,0.002900051147955053
2007-02-01,0.009043357,0.0036093760474171788,0.0035698898279634683
2007-02-02,0.004484575,0.005264239248002012,0.005224753028548301
2007-02-05,2.32e-05,-0.0002845677401211999,-0.0004030310760286815
2007-02-06,0.000911418,0.0031410986305830946,0.003101612411129384
2007-02-07,0.002942738,0.003620948439799765,0.0035814622203460544
2007-02-08,-0.006067704,-0.005013578936285623,-0.005053065155739334
2007-02-09,0.006522561,0.00824748743621373,0.00820800121676002
2007-02-12,-0.004094102,-0.0025551941569134096,-0.002673657492820891
2007-02-13,-0.002382379,-4.378227535295487e-05,-8.326849480666532e-05
2007-02-14,0.006862455,0.004845879857726221,0.00480639363827251
2007-02-15,0.001488981,0.002016316904245974,0.0019768306847922634
2007-02-16,0.003062903,0.004225230729156593,0.004185744509702882
2007-02-19,0.000895006,0.0006147624597068191,0.0004962991237993375
2007-02-20,-0.003265268,-0.0028747492683611764,-0.002914235487814887
2007-02-21,-0.009871194,-0.006385697901923115,-0.006425184121376826
2007-02-22,0.003915411,0.005518925500706651,0.00547943928125294
2007-02-23,-0.000692904,-0.0023557775714790896,-0.0023952637909328
2007-02-26,-0.003496894,-0.0009095389426202471,-0.0010280022785277287
2007-02-27,-0.035114892,-0.029293102132069815,-0.029332588351523525
2007-02-28,-0.011875448,-0.01190944459562926,-0.01194893081508297
2007-03-01,-0.001957146,-0.003920290427561146,-0.0039597766470148565
2007-03-02,0.002367547,0.003806805579319894,0.0037673193598661836
2007-03-05,-0.014358051,-0.012600835397552301,-0.012719298733459783
2007-03-06,0.011699716,0.01193780497061736,0.01189831875116365
2007-03-07,0.011860497,0.011766881433772358,0.011727395214318648
2007-03-08,0.01199704,0.011211194804980229,0.011171708585526519
2007-03-09,0.000329846,0.0015967369497067452,0.0015572507302530347
2007-03-12,-0.003168287,0.0007994574924505837,0.0006809941565431021
2007-03-13,-0.007747421,-0.0043443278301873445,-0.004383814049641055
2007-03-14,-0.02781143,-0.0229783249425356,-0.02301781116198931
2007-03-15,0.014866026,0.01002033356205323,0.00998084734259952
2007-03-16,0.001130108,0.002809899895776846,0.0027704136763231357
2007-03-19,0.014594389,0.01066056384161529,0.010542100505707808
2007-03-20,0.004165859,0.005793592769352207,0.005754106549898497
2007-03-21,0.007458416,0.009634195226340347,0.009594709006886637
2007-03-22,0.014067618,0.005679395205631099,0.005639908986177389
2007-03-23,0.001699908,-0.0009712970210691285,-0.001010783240522839
2007-03-26,-0.007555336,0.000525321036294546,0.00040685770038706437
2007-03-27,-0.004742593,-0.004011032634534062,-0.004050518853987772
2007-03-28,-0.009821846,-0.005882739670154069,-0.0059222258896077795
2007-03-29,0.011216396,0.006944119970699436,0.006904633751245726
2007-03-30,0.000497217,0.001630080358859587,0.0015905941394058765
2007-03-31,0.0,0.0,-3.948621945371045e-05
2007-04-02,-0.00145054,-0.0004912831083099256,-0.0005702571063790352
2007-04-03,0.010388799,0.007193562082852045,0.007154075863398335
2007-04-04,0.001308014,0.004347358092486431,0.00430787187303272
2007-04-05,0.005013015,0.006837400890060241,0.006797914670606531
2007-04-06,0.0,0.0,-3.948621945371045e-05
2007-04-09,0.0,0.0,-0.00011846333590748159
2007-04-10,0.006349498,1.4415139649281983e-05,-2.5071079804428464e-05
2007-04-11,-0.001043625,0.0013674769919120866,0.0013279907724583762
2007-04-12,-0.003145057,-0.003408790503521275,-0.0034482767229749856
2007-04-13,0.007754738,0.0047908044463234045,0.004751318226869694
2007-04-16,0.009493929,0.004630134114496531,0.00451167077858905
2007-04-17,-0.003815382,-0.0005819203799349859,-0.0006214065993886964
2007-04-18,0.005297463,-0.00020629874666944215,-0.0002457849661231526
2007-04-19,0.000178606,-0.004048842251966334,-0.004088328471420044
2007-04-20,0.014816277,0.008508101191201156,0.008468614971747446
2007-04-23,0.003651644,0.001260115032237774,0.0011416516963302925
2007-04-24,-0.005189933,-0.003117110273711976,-0.0031565964931656865
2007-04-25,0.008944579,0.0017281630883436705,0.00168867686888996
2007-04-26,0.005461014,0.0015960135902755024,0.001556527370821792
2007-04-27,-0.005961688,0.0005222652666783123,0.00048277904722460185
2007-04-30,0.001340358,0.003488854781845463,0.0030394909495857197
2007-05-01,0.0,0.0,-3.948621945371045e-05
2007-05-02,0.001835932,0.0001755311400730708,0.00013604492061936035
2007-05-03,-0.005129616,-0.0017048738808247421,-0.0017443601002784526
2007-05-04,0.00656753,0.00218477740009404,0.0021452911806403296
2007-05-07,0.000359721,0.00022714302534443398,0.00010867968943695239
2007-05-08,-0.007805094,-0.0029537626922865323,-0.0029932489117402428
2007-05-09,0.00506202,5.565404890606196e-05,1.6167829452351512e-05
2007-05-10,-0.002773301,-0.001159175224759279,-0.0011986614442129895
2007-05-11,0.00335431,-0.0008380100682292557,-0.0008774962876829662
2007-05-14,-0.001930373,-0.0001758836829944821,-0.0002943470189019637
2007-05-15,0.000582989,-0.0027903383849142704,-0.002829824604367981
2007-05-16,-0.002158691,0.0010641454991484611,0.0010246592796947507
2007-05-17,0.0,0.0,-3.948621945371045e-05
2007-05-18,0.007083198,9.890353505159766e-05,5.941731559788721e-05
2007-05-21,-0.001415556,0.0012533846328230958,0.0011349212969156142
2007-05-22,-0.00372437,-0.0025386871276373846,-0.002578173347091095
2007-05-23,0.007827051,0.006044582808905741,0.00600509658945203
2007-05-24,-0.008292438,-0.0036291302789650537,-0.003668616498418764
2007-05-25,0.001884585,-0.0012084823892917207,-0.0012479686087454311
2007-05-28,0.0,0.0,-0.00011846333590748159
2007-05-29,0.001687037,8.526062442282267e-06,-3.096015701142818e-05
2007-05-30,-0.001771873,-0.002636377313961491,-0.0026758635334152014
2007-05-31,0.00710925,0.005972901438762834,0.005933415219309124
2007-06-01,0.008359454,0.005195988561949472,0.005156502342495761
2007-06-04,-0.004054713,-0.0014970043740653027,-0.0016154677099727843
2007-06-05,-0.007436038,-0.004055214707321397,-0.004094700926775108
2007-06-06,-0.013873509,-0.010589267851518036,-0.010628754070971747
2007-06-07,-0.013019895,-0.01081765615143937,-0.01085714237089308
2007-06-08,-0.000364944,0.002515409441595118,0.0024759232221414074
2007-06-11,0.008235711,0.004358889661158605,0.004240426325251123
2007-06-12,-0.004017657,-0.0011945735729766982,-0.0012340597924304086
2007-06-13,-0.00384273,-0.004322690776144111,-0.004362176995597822
2007-06-14,0.015607327,0.008736757795070549,0.008697271575616838
2007-06-15,0.010510977,0.0065294937870294945,0.006490007567575784
2007-06-18,-0.001840814,0.0003346375213899577,0.00021617418548247613
2007-06-19,-0.003305954,-0.002012162008223184,-0.0020516482276768944
2007-06-20,0.002115785,0.0017299165502266955,0.001690430330772985
2007-06-21,-0.012063361,-0.006101819750408022,-0.006141305969861732
2007-06-22,-0.006192275,-0.004503895223316956,-0.0045433814427706665
2007-06-25,-0.00368776,-0.0041505546482513145,-0.004269017984158796
2007-06-26,-0.007267418,-0.0037624823882781433,-0.0038019686077318537
2007-06-27,-0.005073524,-0.00420261267241373,-0.004242098891867441
2007-06-28,0.01237998,0.008694106787368039,0.008654620567914328
2007-06-29,0.007416792,0.004995949883456197,0.004956463664002486
2007-06-30,0.0,0.0,-3.948621945371045e-05
2007-07-02,-0.001119234,-0.0020250375386091646,-0.002104011536678274
2007-07-03,0.005487858,0.004936136275789371,0.004896650056335661
2007-07-04,0.005965403,0.0022155928577389794,0.002176106638285269
2007-07-05,-0.006866556,-0.0032671039150607983,-0.0033065901345145088
2007-07-06,0.004071758,0.0018888415531896907,0.0018493553337359803
2007-07-09,0.003394783,0.0037322881995605073,0.0036138248636530257
2007-07-10,-0.00485773,-0.0034023806467712303,-0.0034418668662249408
2007-07-11,-0.003321763,-0.0008578096155391624,-0.0008972958349928728
2007-07-12,0.004165046,0.0017161363137825347,0.0016766500943288243
2007-07-13,0.001172426,0.0018284240160677534,0.001788937796614043
2007-07-16,0.003621419,0.0018080337158288273,0.0016895703799213457
2007-07-17,-0.008096756,-0.004849994584218864,-0.0048894808036725745
2007-07-18,-0.014817791,-0.010611407093543246,-0.010650893312996956
2007-07-19,0.012368531,0.0075103597999892635,0.007470873580535553
2007-07-20,-0.008131206,-0.004982652283931466,-0.005022138503385176
2007-07-23,0.000954518,0.0020685910870359425,0.001950127751128461
2007-07-24,-0.007614132,-0.006796563326659122,-0.006836049546112832
2007-07-25,-0.013308536,-0.010426271648089847,-0.010465757867543557
2007-07-26,-0.023464899,-0.016323433472856808,-0.016362919692310518
2007-07-27,-0.001396482,-0.0006773975458432835,-0.0007168837652969939
2007-07-30,-0.000294555,-0.0034532408837467665,-0.003571704219654248
2007-07-31,0.020254514,0.01651136181647317,0.016196558929774164
2007-08-01,0.0,0.0,-3.948621945371045e-05
2007-08-02,-0.011196893,-9.23043458699313e-05,-0.00013179056532364175
2007-08-03,-0.010703398,-0.0074833991200966565,-0.007522885339550367
2007-08-06,-0.005145306,-0.006245794964730211,-0.006364258300637693
2007-08-07,0.011474307,0.008412447959244895,0.008372961739791185
2007-08-08,0.023199607,0.019801052669841557,0.019761566450387846
2007-08-09,-0.016671354,-0.011002522741289544,-0.011042008960743255
2007-08-10,-0.027992846,-0.02313187634348335,-0.02317136256293706
2007-08-13,0.013745243,0.006823564290565631,0.00670510095465815
2007-08-14,-0.014635466,-0.007737090313799988,-0.0077765765332536985
2007-08-15,0.009826102,0.006764843923377839,0.006725357703924129
2007-08-16,-0.029915129,-0.024640086116475723,-0.024679572335929434
2007-08-17,0.012602791,0.005081726448685542,0.005042240229231831
2007-08-20,0.006807566,0.005293920932638585,0.005175457596731103
2007-08-21,0.000959388,0.003317207583897197,0.0032777213644434866
2007-08-22,0.014192483,0.009801779785512332,0.009762293566058622
2007-08-23,0.003238579,0.005635786180429481,0.00559629996097577
2007-08-24,0.004837968,0.006376520054307111,0.0063370338348534005
2007-08-27,0.007772601,0.005164754065618782,0.0050462907297113
2007-08-28,-0.014340953,-0.0105369926436647,-0.01057647886311841
2007-08-29,0.001271981,0.004804194200980438,0.004764707981526728
2007-08-30,0.005184161,0.004415323266947491,0.00437583704749378
2007-08-31,0.012093704,0.008953563539895848,0.008914077320442138
2007-09-03,0.00024753,-0.0008109949861869747,-0.0009294583220944563
2007-09-04,0.009593211,0.005274246445689412,0.005234760226235702
2007-09-05,-0.013900471,-0.009902497640464025,-0.009941983859917736
2007-09-06,-0.001635857,-0.0012939714148947346,-0.001333457634348445
2007-09-07,-0.016881939,-0.011011392585999591,-0.011050878805453301
2007-09-10,-0.008326295,-0.007608668443582212,-0.007727131779489693
2007-09-11,0.011436528,0.011164224861027083,0.011124738641573373
2007-09-12,0.006913255,0.005192965843631825,0.0051534796241781144
2007-09-13,0.009386001,0.005268130729004561,0.0052286445095508505
2007-09-14,-0.011573441,-0.007545496027834608,-0.007584982247288319
2007-09-17,-0.009755824,-0.0074398491860422356,-0.007558312521949717
2007-09-18,0.01000224,0.0067262529905596224,0.006686766771105912
2007-09-19,0.026055179,0.01761768518454132,0.01757819896508761
2007-09-20,-0.012277401,-0.010687344610003535,-0.010726830829457246
2007-09-21,-2.22e-05,0.00014007424002082658,0.00010058802056711613
2007-09-24,0.0010459,0.0008549996496440837,0.0007365363137366021
2007-09-25,-0.007887952,-0.0033134853270571085,-0.003352971546510819
2007-09-26,0.003660096,0.0033285673202396726,0.003289081100785962
2007-09-27,0.003359067,0.0031961932342108312,0.003156707014757121
2007-09-28,0.005943526,0.0011885667102484732,0.0011490804907947627
2007-09-30,0.0,0.0,-7.897399806910954e-05
2007-10-01,0.009076727,0.003072577887253347,0.0030330916677996367
2007-10-02,0.00587846,0.0007600004470291744,0.0007205142275754639
2007-10-03,0.002525934,0.0026294595890239414,0.002589973369570231
2007-10-04,-0.003297633,-0.002308520625971089,-0.0023480068454247993
2007-10-05,0.003209436,0.004041354795982999,0.004001868576529288
2007-10-08,0.003048954,0.00011789676503859425,-5.665708688873394e-07
2007-10-09,0.004128468,0.004399139874469604,0.004359653655015894
2007-10-10,0.004744342,0.002682689525641768,0.0026432033061880578
2007-10-11,0.00468717,0.0006583664910282394,0.000618880271574529
2007-10-12,-0.002431814,-0.0013628710768239793,-0.0014023572962776898
2007-10-15,-0.00146905,-0.0007785745495538787,-0.0008970378854613603
2007-10-16,-0.011827148,-0.00745563778946301,-0.00749512400891672
2007-10-17,0.001851221,0.002676620326332202,0.0026371341068784915
2007-10-18,-0.004743002,-0.0026678012825621655,-0.002707287502015876
2007-10-19,-0.009391524,-0.007166430631135756,-0.007205916850589467
2007-10-22,-0.010529241,-0.007167505362484006,-0.007285968698391487
2007-10-23,0.006876504,0.006771224273593335,0.006731738054139624
2007-10-24,-0.005882749,-0.006469454435941935,-0.006508940655395645
2007-10-25,0.007164381,0.006781288182605927,0.006741801963152216
2007-10-26,0.004626535,0.004926693564097029,0.004887207344643318
2007-10-29,0.005062883,0.005940499406526634,0.005822036070619152
2007-10-30,-0.00751801,-0.008039036572350278,-0.008078522791803988
2007-10-31,0.009648451,0.010715420001418563,0.010339989484824659
2007-11-01,-0.013483195,-0.008469592817251681,-0.008509079036705391
2007-11-02,-0.012424478,-0.00680633028447486,-0.00684581650392857
2007-11-05,-0.007135518,-0.0066405901950157276,-0.006759053530923209
2007-11-06,0.00709565,0.0015861376777395186,0.0015466514582858082
2007-11-07,-0.007701487,-0.0062178705163200565,-0.006257356735773767
2007-11-08,-0.01045967,-0.009331536314294842,-0.009371022533748552
2007-11-09,-0.019922347,-0.008811256331263118,-0.008850742550716828
2007-11-12,0.001192235,-0.0022695172956231913,-0.002387980631530673
2007-11-13,0.005532088,0.005772697123870074,0.005733210904416364
2007-11-14,0.013949591,0.004784670933522417,0.0047451847140687065
2007-11-15,-0.005097116,-0.0023020983295909403,-0.0023415845490446507
2007-11-16,-0.012850815,-0.006855525777502702,-0.006895011996956413
2007-11-19,-0.025285727,-0.014967279295856617,-0.015085742631764099
2007-11-20,0.006208531,-0.0013533472099670485,-0.001392833429420759
2007-11-21,-0.026143618,-0.019566427262715624,-0.019605913482169335
2007-11-22,0.009800722,0.004069045119743153,0.004029558900289443
2007-11-23,0.016410933,0.00832610659891353,0.00828662037945982
2007-11-26,-0.000583004,0.0016805420301031493,0.0015620786941956677
2007-11-27,0.005664032,0.0038653093740412814,0.003825823154587571
2007-11-28,0.025622171,0.015760108748593682,0.01572062252913997
2007-11-29,0.009718902,0.006913437522807486,0.006873951303353776
2007-11-30,0.011997392,0.011610690532009693,0.011571204312555983
2007-12-03,-0.011785277,-0.002372696284621667,-0.0024911596205291486
2007-12-04,-0.007307963,-0.005881366135229271,-0.005920852354682982
2007-12-05,0.012641942,0.008027772670859079,0.007988286451405369
2007-12-06,-0.00070771,0.0032900864983353983,0.003250600278881688
2007-12-07,0.006731527,0.005580199910584893,0.005540713691131183
2007-12-10,0.008415137,0.0033629844240101736,0.003244521088102692
2007-12-11,-0.002280046,-0.0018771665938120963,-0.0019166528132658067
2007-12-12,0.000368366,0.001038255564363988,0.0009987693449102775
2007-12-13,-0.021023846,-0.01197381905044581,-0.012013305269899521
2007-12-14,0.002095017,0.0004283739891153271,0.00038888776966161664
2007-12-17,-0.015708104,-0.008560619825567106,-0.008679083161474588
2007-12-18,-0.007580783,-0.003408797638494998,-0.0034482838579487085
2007-12-19,-0.00762274,-0.004018347362474972,-0.004057833581928683
2007-12-20,0.000569851,0.0008788269861379483,0.0008393407666842378
2007-12-21,0.007655013,0.00756233500632475,0.007522848786871039
2007-12-24,0.0,0.0,-0.00011846333590748159
2007-12-25,0.0,0.0,-3.948621945371045e-05
2007-12-26,0.0,0.0,-3.948621945371045e-05
2007-12-27,0.006405593,8.896025272076002e-05,4.947403326704958e-05
2007-12-28,-0.00273313,-0.0016549196399021637,-0.0016944058593558742
2007-12-31,0.0,0.0,-0.00011846333590748159
2008-01-02,0.0,0.0,-7.897399806910954e-05
2008-01-03,-0.019103479,-0.00016771260566095236,-0.0002071988251146628
2008-01-04,-0.021443692,-0.0147458128326452,-0.01478529905209891
2008-01-07,-0.005201979,-0.001576623951387801,-0.0016950872872952827
2008-01-08,0.021935946,0.010413579331641332,0.010374093112187621
2008-01-09,-0.000893762,-0.0045181802929131765,-0.004557666512366887
2008-01-10,-0.00609161,-0.005574013290013946,-0.0056134995094676565
2008-01-11,-0.014409651,-0.011648669538553258,-0.011688155758006968
2008-01-14,0.003941591,0.0020936861974421017,0.00197522286153462
2008-01-15,-0.02664247,-0.021119153337027297,-0.021158639556481007
2008-01-16,-0.016505654,-0.006152010957703902,-0.006191497177157612
2008-01-17,-0.007367192,-0.003983325782933034,-0.004022812002386744
2008-01-18,-0.011769125,-0.011062420028445819,-0.011101906247899529
2008-01-21,-0.050810925,-0.03164589422189956,-0.031764357557807044
2008-01-22,0.026354027,0.008768319062679941,0.00872883284322623
2008-01-23,-0.016911346,-0.007571378401758699,-0.00761086462121241
2008-01-24,0.042638093,0.021891663861357102,0.021852177641903392
2008-01-25,0.002476504,0.006258638460421073,0.006219152240967363
2008-01-28,-0.013859473,-0.010721550098392263,-0.010840013434299745
2008-01-29,0.017712816,0.01982020695814879,0.01978072073869508
2008-01-30,-0.00443454,0.0018084961178539416,0.0017690098984002312
2008-01-31,-0.000400854,0.003108713813117836,0.0027059535846378838
2008-02-01,0.019223057,0.014975863714513649,0.014936377495059938
2008-02-04,-0.005160513,-0.0006653733318305877,-0.0007838366677380693
2008-02-05,-0.029133571,-0.017874574456125503,-0.017914060675579213
2008-02-06,0.005059418,0.0022735027105103,0.0022340164910565896
2008-02-07,-0.018112488,-0.009347215583676238,-0.009386701803129949
2008-02-08,0.003951192,0.0023330207221261556,0.002293534502672445
2008-02-11,-0.01164246,-0.003247735656452977,-0.0033661989923604585
2008-02-12,0.025915461,0.017272085538656112,0.017232599319202402
2008-02-13,0.000488218,0.003114745156163945,0.0030752589367102345
2008-02-14,-0.001332622,0.004432496174154199,0.004393009954700489
2008-02-15,-0.018887772,-0.008512317526867874,-0.008551803746321585
2008-02-18,0.016853858,0.009245523059526528,0.009127059723619046
2008-02-19,-0.002307349,-0.0003038077033202802,-0.0003432939227739906
2008-02-20,-0.010575073,-0.016158735578396533,-0.016198221797850243
2008-02-21,0.012809566,0.005075954910841007,0.005036468691387297
2008-02-22,-0.004508265,-0.0032963405489516706,-0.003335826768405381
2008-02-25,0.019739822,0.00866878275815508,0.008550319422247599
2008-02-26,0.016120732,0.010936280528422992,0.010896794308969282
2008-02-27,0.00343018,-0.005223334169948579,-0.00526282038940229
2008-02-28,-0.014653437,-0.009215515185990508,-0.009255001405444219
2008-02-29,-0.012424977,-0.008732363269478127,-0.008771849488931838
2008-03-03,-0.017062155,-0.011692596861181737,-0.011811060197089218
2008-03-04,-0.016192775,-0.01127257943252824,-0.01131206565198195
2008-03-05,0.009384305,0.0019040619673376113,0.001864575747883901
2008-03-06,-0.007558827,-0.006238751695738287,-0.006278237915191998
2008-03-07,-0.010668962,-0.012117146828134806,-0.012156633047588516
2008-03-10,-0.016484573,-0.010044193448459193,-0.010162656784366675
2008-03-11,0.012865942,0.010171376829492651,0.01013189061003894
2008-03-12,0.013381221,0.009146253830740747,0.009106767611287037
2008-03-13,-0.001883975,-0.001330498723731366,-0.0013699849431850764
2008-03-14,-0.014869329,-0.006375153092915253,-0.006414639312368964
2008-03-17,-0.047530235,-0.03011912103814396,-0.03023758437405144
2008-03-18,0.031235622,0.012168255519563909,0.012128769300110198
2008-03-19,0.006549036,0.004895258342529685,0.004855772123075974
2008-03-20,-0.00923476,-0.010312003278013404,-0.010351489497467115
2008-03-21,0.0,0.0,-3.948621945371045e-05
2008-03-24,0.0,0.0,-0.00011846333590748159
2008-03-25,0.03141512,0.00020733712368903312,0.00016785090423532267
2008-03-26,-0.005896288,0.0008543111986893948,0.0008148249792356843
2008-03-27,0.012014734,0.010161474338750809,0.010121988119297098
2008-03-28,-0.00265217,0.003997833597201517,0.003958347377747806
2008-03-31,-0.001079105,0.0030854193826101994,0.002966956046702718
2008-04-01,0.034258329,0.016283657894252013,0.016244171674798302
2008-04-02,0.012683069,0.006221801970203389,0.006182315750749678
2008-04-03,-0.00997934,-0.002340662801035398,-0.0023801490204891085
2008-04-04,0.007404244,0.005947139915081223,0.005907653695627513
2008-04-07,0.008128645,0.003921791812174558,0.003803328476267076
2008-04-08,-0.007288969,-0.004291167250842998,-0.004330653470296708
2008-04-09,-0.019834024,-0.0069217071255534,-0.006961193345007111
2008-04-10,-0.012066575,-0.008618567309757186,-0.008658053529210896
2008-04-11,-0.007604103,-0.008490073971147871,-0.008529560190601582
2008-04-14,-0.015313048,-0.00916605841607665,-0.009284521751984132
2008-04-15,0.006455497,0.010467428707961135,0.010427942488507425
2008-04-16,0.014373156,0.007807646810944702,0.007768160591490991
2008-04-17,-0.008641881,-0.005214200427988258,-0.0052536866474419686
2008-04-18,0.031293509,0.01567040278212728,0.01563091656267357
2008-04-21,-0.003843761,-0.0008307222873712439,-0.0009491856232787255
2008-04-22,-0.006352163,-0.003355042685069809,-0.0033945289045235194
2008-04-23,0.001872696,-0.0007429929652240652,-0.0007824791846777757
2008-04-24,0.014889675,0.002902685490709711,0.0028631992712560006
2008-04-25,0.008440514,0.0063396869363001596,0.006300200716846449
2008-04-28,0.009243831,0.006952271375537444,0.006833808039629963
2008-04-29,-0.010543745,-0.0045416610346959985,-0.004581147254149709
2008-04-30,0.008976258,0.008964442329036926,0.00858572291437412
2008-05-01,0.0,0.0,-3.948621945371045e-05
2008-05-02,0.019321077,0.00011569586797732789,7.620964852361745e-05
2008-05-05,-8.42e-05,-0.0013403435260536112,-0.0014588068619610928
2008-05-06,-0.013245508,-0.0051672377655075374,-0.005206723984961248
2008-05-07,0.012255994,0.005801950899583019,0.005762464680129309
2008-05-08,-0.005620774,-0.0008731017016611053,-0.0009125879211148158
2008-05-09,-0.012852401,-0.00869202754957843,-0.00873151376903214
2008-05-12,0.0,0.0,-0.00011846333590748159
2008-05-13,0.011665302,-7.106884184149287e-06,-4.6593103637859734e-05
2008-05-14,0.002564493,0.002676917339135221,0.0026374311196815103
2008-05-15,0.010727021,0.0036698602822078374,0.003630374062754127
2008-05-16,-0.002195829,0.0026941933751669644,0.002654707155713254
2008-05-19,0.014506335,0.007537328802147192,0.00741886546623971
2008-05-20,-0.018713895,-0.013440108077066526,-0.013479594296520236
2008-05-21,-0.006119636,-0.001863616348438235,-0.0019031025678919455
2008-05-22,0.000326715,-0.00047126388092588734,-0.0005107501003795978
2008-05-23,-0.013755223,-0.006582390444738406,-0.006621876664192117
2008-05-26,-0.011952128,-0.00743988591535083,-0.007558349251258312
2008-05-27,0.006485847,0.001942595963313254,0.0019031097438595435
2008-05-28,0.007961806,0.004196498671078741,0.004157012451625031
2008-05-29,0.008640681,0.006109774066634932,0.006070287847181222
2008-05-30,-0.00262039,-0.0009269210363311853,-0.0009664072557848957
2008-05-31,0.0,0.0,-3.948621945371045e-05
2008-06-02,0.005219813,0.0048883980165468355,0.004809424018477726
2008-06-03,0.004305267,0.0027094706226016285,0.002669984403147918
2008-06-04,-0.008614286,-0.004764678870300076,-0.004804165089753787
2008-06-05,0.00653105,0.004809962813770108,0.004770476594316397
2008-06-06,-0.02194237,-0.011868102297178607,-0.011907588516632317
2008-06-09,-0.008908154,-0.008483097015709595,-0.008601560351617077
2008-06-10,-0.006297738,-0.005176423945708053,-0.005215910165161763
2008-06-11,-0.014673412,-0.010217145530560523,-0.010256631750014233
2008-06-12,0.006940649,0.0032770430791699834,0.003237556859716273
2008-06-13,0.004728043,0.0018750612422933077,0.0018355750228395973
2008-06-16,-0.002041952,0.001838173669945098,0.0017197103340376163
2008-06-17,0.002366707,-0.0006483188201130696,-0.0006878050395667801
2008-06-18,-0.010129804,-0.006818562360490943,-0.006858048579944653
2008-06-19,-0.003832605,-0.007101017517679886,-0.007140503737133597
2008-06-20,-0.012746727,-0.0035107712498878563,-0.0035502574693415667
2008-06-23,-0.005930182,-0.004594490830615805,-0.004712954166523287
2008-06-24,-0.001187042,-0.004317523658956768,-0.004357009878410478
2008-06-25,0.007809348,0.004797773452720255,0.004758287233266545
2008-06-26,-0.0183905,-0.011818897661079464,-0.011858383880533174
2008-06-27,-0.011835895,-0.007749587776444744,-0.0077890739958984545
2008-06-30,0.011179841,0.006012593210553696,0.0058941298746462145
2008-07-01,-0.016715851,-0.00967207178596663,-0.00971155800542034
2008-07-02,-0.002207502,0.000474005321515536,0.00043451910206182554
2008-07-03,-0.00109836,-0.005196052067278356,-0.0052355382867320666
2008-07-04,-0.008861015,-0.0034469847457822,-0.0034864709652359105
2008-07-07,0.006373324,0.007211217209519338,0.007092753873611857
2008-07-08,-0.005927652,-0.007652633964702948,-0.007692120184156659
2008-07-09,0.019374035,0.011009250853012853,0.010969764633559143
2008-07-10,-0.016999033,-0.015084724524105031,-0.015124210743558741
2008-07-11,-0.0234157,-0.015628458876861595,-0.015667945096315306
2008-07-14,0.005594247,-0.0016166509491272185,-0.0017351142850347001
2008-07-15,-0.01761091,-0.01795458871711797,-0.01799407493657168
2008-07-16,0.003308634,-3.1168153388438924e-05,-7.065437284214937e-05
2008-07-17,0.024294432,0.01914976349668529,0.01911027727723158
2008-07-18,0.01229427,0.007984320684737867,0.007944834465284156
2008-07-21,0.006773216,0.017390733508077627,0.017272270172170145
2008-07-22,0.007324736,0.0003381868319920489,0.00029870061253833846
2008-07-23,0.018917894,0.011524995177188524,0.011485508957734814
2008-07-24,-0.002041165,-0.0018037057450109861,-0.0018431919644646966
2008-07-25,-0.006136019,-0.0023149005832507896,-0.0023543868027045
2008-07-28,-0.00504347,-0.000997666992964219,-0.0011161303288717006
2008-07-29,0.002842978,0.0035058766701574484,0.003466390450703738
2008-07-30,0.015410064,0.010757133418448195,0.010717647198994484
2008-07-31,0.003749453,0.000964443345014443,0.00046474063830656965
2008-08-01,0.0,0.0,-3.948621945371045e-05
2008-08-04,-0.008510381,-0.00011915064076928328,-0.00023761397667676487
2008-08-05,0.014114635,0.006319414823092506,0.006279928603638796
2008-08-06,0.004245322,0.009135264453626224,0.009095778234172514
2008-08-07,-0.002430824,0.0009552292716008548,0.0009157430521471444
2008-08-08,0.009858506,0.002473685322033292,0.0024341991025795817
2008-08-11,0.010108385,0.011726805513349925,0.011608342177442443
2008-08-12,-0.004328905,0.0023290010219687574,0.002289514802515047
2008-08-13,-0.014014985,-0.0068321135304361125,-0.006871599749889823
2008-08-14,0.001791733,-0.005055495758016115,-0.005094981977469826
2008-08-15,0.004577506,0.005597545845123397,0.005558059625669687
2008-08-18,-0.000931479,-0.0018528174670667807,-0.0019712808029742623
2008-08-19,-0.015803612,-0.007709771625987183,-0.007749257845440893
2008-08-20,-0.00234646,-0.0038643755412228753,-0.0039038617606765857
2008-08-21,-0.012566334,-0.007763266771513955,-0.007802752990967665
2008-08-22,0.012772291,0.009266407899538809,0.009226921680085098
2008-08-25,-0.004052223,-0.0005543256527614782,-0.0006727889886689598
2008-08-26,0.004878395,0.000988326169691689,0.0009488399502379785
2008-08-27,-0.00119938,0.0023570346364469863,0.002317548416993276
2008-08-28,0.013811955,0.0060839798599663375,0.006044493640512627
2008-08-29,0.007003764,0.009867038345673818,0.009827552126220107
2008-08-31,0.0,0.0,-7.897399806910954e-05
2008-09-01,-0.001253757,-0.002799322601514387,-0.0028388088209680973
2008-09-02,0.010247465,0.008452365597963807,0.008412879378510096
2008-09-03,-0.005555719,-0.0028795260015929136,-0.002919012221046624
2008-09-04,-0.02229935,-0.01512114520445007,-0.015160631423903781
2008-09-05,-0.014937923,-0.008170190026838275,-0.008209676246291986
2008-09-08,0.026906098,0.018325895707603346,0.018207432371695864
2008-09-09,0.000390665,0.0005901939359793662,0.0005507077165256558
2008-09-10,-0.008784029,-0.0016506818686324864,-0.001690168088086197
2008-09-11,-0.007180362,-0.005676534171091152,-0.0057160203905448626
2008-09-12,0.018745198,0.011839792931847226,0.011800306712393516
2008-09-15,-0.034168399,-0.01659963853332269,-0.016718101869230173
2008-09-16,-0.025869585,-0.004040823999286403,-0.004080310218740113
2008-09-17,-0.011664535,-0.009475797024937727,-0.009515283244391437
2008-09-18,-0.005213932,-0.006603135942978233,-0.006642622162431944
2008-09-19,0.056894093,0.02808349046817571,0.028044004248722
2008-09-22,-0.017488297,-0.010468651856597733,-0.010587115192505214
2008-09-23,-0.012429509,-0.005100559434053187,-0.005140045653506897
2008-09-24,-0.004515075,-0.0067411959130668775,-0.006780682132520588
2008-09-25,0.020304675,0.008355920607372003,0.008316434387918292
2008-09-26,-0.017788054,-0.008468896723303088,-0.008508382942756798
2008-09-29,-0.046205528,-0.030341329936897643,-0.030459793272805125
2008-09-30,0.02171446,0.011411978518087285,0.011372492298633574
2008-10-01,0.008003336,-0.0006884561837504632,-0.0007279424032041737
2008-10-02,-0.001717049,-0.003678510413856473,-0.0037179966333101833
2008-10-03,0.018416348,0.00856610466079788,0.00852661844134417
2008-10-06,-0.05835207,-0.028474445845168672,-0.028592909181076154
2008-10-07,-0.00664901,-0.004943839932078031,-0.004983326151531742
2008-10-08,-0.052948147,-0.03916735171874697,-0.03920683793820068
2008-10-09,-0.042232218,-0.03462019949837103,-0.03465968571782474
2008-10-10,-0.072470958,-0.048486136910773525,-0.048525623130227236
2008-10-13,0.105787574,0.05636851010087329,0.05625004676496581
2008-10-14,0.047383154,0.03086889569501916,0.03082940947556545
2008-10-15,-0.053961901,-0.03301312199887452,-0.03305260821832823
2008-10-16,-0.032661048,-0.0256615902728059,-0.02570107649225961
2008-10-17,0.057952304,0.04413395735602177,0.04409447113656806
2008-10-20,0.017811432,0.008406488877777951,0.00828802554187047
2008-10-21,-0.00366319,-0.006119693959505956,-0.006159180178959667
2008-10-22,-0.039851366,-0.02745330168432336,-0.02749278790377707
2008-10-23,-0.007883048,-0.0023927161387646834,-0.002432202358218394
2008-10-24,-0.036586771,-0.02636137494625046,-0.02640086116570417
2008-10-27,-0.032417403,-0.02923368486961131,-0.02935214820551879
2008-10-28,0.006652144,0.011244315717562348,0.011204829498108637
2008-10-29,0.059214955,0.024196558421692327,0.024157072202238616
2008-10-30,-0.003624441,-0.0013418193387052524,-0.0013813055581589628
2008-10-31,0.048045322,0.023331658562303792,0.022871576448396293
2008-11-03,0.013033093,0.013825008528543403,0.013706545192635922
2008-11-04,0.028350879,0.022658445827409945,0.022618959607956235
2008-11-05,-0.032145433,-0.014772726288106997,-0.014812212507560707
2008-11-06,-0.040349549,-0.02914661118077544,-0.02918609740022915
2008-11-07,0.013350924,0.00976441096656333,0.00972492474710962
2008-11-10,0.013605635,0.010888175939577804,0.010769712603670323
2008-11-11,-0.033703114,-0.0275359942497454,-0.02757548046919911
2008-11-12,-0.029584297,-0.021342434220245288,-0.021381920439698998
2008-11-13,0.004838912,0.005176165251763232,0.005136679032309521
2008-11-14,0.015448053,0.010687917935943148,0.010648431716489437
2008-11-17,-0.029917452,-0.017525078234519764,-0.017643541570427246
2008-11-18,0.002183218,0.0006338983730889147,0.0005944121536352043
2008-11-19,-0.025751312,-0.013515551417276339,-0.01355503763673005
2008-11-20,-0.037416313,-0.028075671503064115,-0.028115157722517825
2008-11-21,-0.026595149,-0.015289465605435648,-0.015328951824889359
2008-11-24,0.058007098,0.03355688552119496,0.033438422185287475
2008-11-25,0.003596507,-0.0011938227719514583,-0.0012333089914051687
2008-11-26,0.002667805,0.005173233854399495,0.0051337476349457845
2008-11-27,0.025398058,0.01777484740761892,0.01773536118816521
2008-11-28,0.028517024,0.015417030920380714,0.015377544700927004
2008-11-30,0.0,0.0,-7.897399806910954e-05
2008-12-01,-0.047214709,-0.02945605567579801,-0.02949554189525172
2008-12-02,0.001716949,0.0015564354620714038,0.0015169492426176934
2008-12-03,0.009893894,0.007003380128180581,0.00696389390872687
2008-12-04,0.007624442,0.0053553154521739366,0.005315829232720226
2008-12-05,-0.021388508,-0.013084885424297199,-0.01312437164375091
2008-12-08,0.048827085,0.02966871090925327,0.02955024757334579
2008-12-09,0.004461494,-0.002875578710686444,-0.0029150649301401543
2008-12-10,-0.013306229,-0.006963706142891324,-0.007003192362345034
2008-12-11,-0.003948937,-0.00283629364137461,-0.0028757798608283203
2008-12-12,-0.015080333,-0.008373016869450911,-0.008412503088904622
2008-12-15,-0.017163084,-0.009439041823754546,-0.009557505159662028
2008-12-16,0.00639922,0.00010425336977903932,6.476715032532887e-05
2008-12-17,-0.00285632,-0.003749481837022728,-0.0037889680564764383
2008-12-18,-0.004873373,0.0012643538474403915,0.001224867627986681
2008-12-19,-0.008675173,-0.005131576650221126,-0.005171062869674836
2008-12-22,-0.006805664,-0.004456112565629389,-0.00457457590153687
2008-12-23,-0.003361378,-3.923956859452904e-05,-7.872578804823949e-05
2008-12-24,0.0,0.0,-3.948621945371045e-05
2008-12-25,0.0,0.0,-3.948621945371045e-05
2008-12-26,0.0,0.0,-3.948621945371045e-05
2008-12-29,0.011673405,9.750869208025037e-05,-2.0954643827231223e-05
2008-12-30,0.01178459,0.003149905478261106,0.0031104192588073953
2008-12-31,0.0,0.0,-3.948621945371045e-05
2009-01-02,0.0,0.0,-7.897399806910954e-05
2009-01-05,0.03935134,0.0006523758220278175,0.0005339124861203359
2009-01-06,0.008560637,0.008324202165552297,0.008284715946098586
2009-01-07,-0.00648503,-0.0042838627684579356,-0.004323348987911646
2009-01-08,-0.003376148,-0.00774310003057177,-0.0077825862500254805
2009-01-09,-0.008380371,-0.003325455985078496,-0.0033649422045322064
2009-01-12,-0.017183176,-0.008020789263930683,-0.008139252599838165
2009-01-13,-0.010953763,-0.012405630147215185,-0.012445116366668896
2009-01-14,-0.027380233,-0.017729095070840084,-0.017768581290293795
2009-01-15,0.000375737,-0.004633519848905809,-0.00467300606835952
2009-01-16,0.00927519,0.01610933427451089,0.01606984805505718
2009-01-19,-0.009423934,-0.002202384382804179,-0.0023208477187116605
2009-01-20,-0.011731703,-0.004550546201658179,-0.004590032421111889
2009-01-21,-0.003437232,-0.010739653079655409,-0.01077913929910912
2009-01-22,0.004757913,0.0021810410331450925,0.002141554813691382
2009-01-23,-0.006069837,-0.01305125676252672,-0.01309074298198043
2009-01-26,0.0188788,0.014666223815483992,0.01454776047957651
2009-01-27,-0.010036726,0.002404409387480877,0.0023649231680271665
2009-01-28,0.01422018,0.014404015926355207,0.014364529706901497
2009-01-29,-0.024209415,-0.011638209266086386,-0.011677695485540096
2009-01-30,0.002602902,-9.024470041019139e-05,-0.00012973091986390184
2009-01-31,0.0,0.0,-0.00045916318142773455
2009-02-02,-0.022684267,-0.01677653834101167,-0.01685551233908078
2009-02-03,0.008839087,0.009189529579741507,0.009150043360287796
2009-02-04,0.003453663,0.0032943598282284547,0.0032548736087747443
2009-02-05,-0.020167885,-0.0056253827334720174,-0.005664868952925728
2009-02-06,0.00523828,0.009105350630006281,0.009065864410552571
2009-02-09,0.006031796,-0.0004900529388471853,-0.0006085162747546669
2009-02-10,-0.003226265,-0.0007644846414412987,-0.0008039708608950091
2009-02-11,-0.003741859,-0.004539625439589523,-0.0045791116590432335
2009-02-12,-0.004039954,-0.007976296417042228,-0.008015782636495938
2009-02-13,0.005022698,0.00920336083409512,0.00916387461464141
2009-02-16,-0.00959651,-0.00487819312528992,-0.004996656461197402
2009-02-17,-0.026236464,-0.0226842265219509,-0.02272371274140461
2009-02-18,0.001371485,0.00031647445763871573,0.0002769882381850053
2009-02-19,0.006277365,0.006890280202006327,0.0068507939825526165
2009-02-20,-0.027573592,-0.02114875503687108,-0.02118824125632479
2009-02-23,-0.011405712,-0.00649847564280559,-0.006616938978713072
2009-02-24,-0.015227432,-0.008103390084044593,-0.008142876303498303
2009-02-25,-0.004333485,-0.0032890109146718194,-0.00332849713412553
2009-02-26,0.012944387,0.0024926554378408294,0.002453169218387119
2009-02-27,-0.006718059,-0.002625653788674076,-0.0026651400081277865
2009-02-28,0.0,0.0,-3.948621945371045e-05
2009-03-02,-0.051660085,-0.02589266906394838,-0.02597164306201749
2009-03-03,-0.017049022,-0.0194533288276989,-0.019492815047152612
2009-03-04,0.023666798,0.012569836306509208,0.012530350087055497
2009-03-05,-0.016765065,-0.013162523731627851,-0.013202009951081561
2009-03-06,-0.016717338,-0.012540042392656936,-0.012579528612110646
2009-03-09,-0.001086732,-0.004920692318029718,-0.0050391556539371996
2009-03-10,0.044927532,0.018237026309234627,0.018197540089780917
2009-03-11,0.013447594,0.0002442196989009826,0.00020473347944727216
2009-03-12,0.013050133,0.009193085518268695,0.009153599298814985
2009-03-13,0.016248591,0.0029430389251883238,0.0029035527057346133
2009-03-16,0.02458977,0.01631700438876349,0.016198541052856008
2009-03-17,-0.001245835,-0.002473949466942682,-0.0025134356863963925
2009-03-18,-0.005422677,-0.0010836275295911246,-0.001123113749044835
2009-03-19,0.003421649,0.0019463739326082141,0.0019068877131545037
2009-03-20,4.96e-06,-0.002872282371417345,-0.0029117685908710556
2009-03-23,0.026848201,0.011419961433473569,0.011301498097566087
2009-03-24,-0.002105995,-0.0020252499604684893,-0.0020647361799221997
2009-03-25,0.009741423,0.012641680353637774,0.012602194134184064
2009-03-26,-0.000615998,0.0011494647006391467,0.0011099784811854363
2009-03-27,-0.016536676,-0.0025917787473278553,-0.0026312649667815657
2009-03-30,-0.024879468,-0.017387212750117675,-0.017505676086025157
2009-03-31,0.034712583,0.017920648384103233,0.017881162164649522
2009-04-01,0.016172188,0.00689596386393343,0.006856477644479719
2009-04-02,0.032438527,0.020949999993365775,0.020910513773912065
2009-04-03,-0.021416197,-0.006586712259888827,-0.006626198479342538
2009-04-06,-0.006321098,0.00117221762665487,0.0010537542907473885
2009-04-07,-0.003999213,0.0015213709837478273,0.0014818847642941169
2009-04-08,0.004022407,0.00130369968911892,0.0012642134696652096
2009-04-09,0.01553238,0.006588057316998075,0.0065485710975443645
2009-04-10,0.0,0.0,-3.948621945371045e-05
2009-04-13,0.0,0.0,-0.00011846333590748159
2009-04-14,0.006767886,0.00010863000934113742,6.914378988742698e-05
2009-04-15,-0.005827924,0.0026813919913142303,0.00264190577186052
2009-04-16,0.018071082,0.004852530956597434,0.0048130447371437235
2009-04-17,0.00643343,0.0024948718854556073,0.002455385666001897
2009-04-20,-0.022739319,-0.012351122092145062,-0.012469585428052543
2009-04-21,0.001827302,-0.0017114360346113244,-0.0017509222540650349
2009-04-22,0.000297412,0.010917670801649848,0.010878184582196138
2009-04-23,-0.005997566,0.004073050225790853,0.0040335640063371425
2009-04-24,0.018821011,0.006047240775549412,0.006007754556095701
2009-04-27,0.010502775,0.0024667247337193388,0.002348261397811857
2009-04-28,-0.012023361,-0.009417285997052605,-0.009456772216506315
2009-04-29,0.016229306,0.0055640710439297525,0.005524584824476042
2009-04-30,0.014527747,0.00992143716457905,0.009531441054081642
2009-05-01,0.0,0.0,-3.948621945371045e-05
2009-05-04,0.018168164,0.00036250489715983214,0.00024404156125235055
2009-05-05,-0.004458257,0.0016169380111790144,0.001577451791725304
2009-05-06,0.006867927,0.00393988031320891,0.0039003940937551995
2009-05-07,0.001272948,0.00329721619439316,0.0032577299749394495
2009-05-08,0.012246634,0.0057472736442731875,0.005707787424819477
2009-05-11,-0.00687648,-0.005274518578605725,-0.005392981914513206
2009-05-12,-0.002709333,0.005930795298521696,0.005891309079067986
2009-05-13,-0.013113649,-0.004967539243824315,-0.005007025463278025
2009-05-14,0.014048281,0.0024500962636999635,0.002410610044246253
2009-05-15,0.000334713,0.004342351056853211,0.0043028648373995
2009-05-18,0.015213504,0.008008097235058687,0.007889633899151205
2009-05-19,0.012594944,0.007463105222399236,0.007423619002945525
2009-05-20,0.00261447,0.005303642326755398,0.005264156107301687
2009-05-21,0.0,0.0,-3.948621945371045e-05
2009-05-22,-0.017115224,-0.006302840887805861,-0.006342327107259571
2009-05-25,0.006678763,0.0019959231372674857,0.0018774598013600041
2009-05-26,-0.00389886,-0.0025194616758316135,-0.002558947895285324
2009-05-27,-0.000438467,7.786477818827464e-05,3.8378558734564194e-05
2009-05-28,-0.012569196,-0.008448982023503415,-0.008488468242957126
2009-05-29,0.000123521,-0.006560905078347612,-0.006600391297801322
2009-05-31,0.0,0.0,-7.897399806910954e-05
2009-06-01,0.0,0.0,-3.948621945371045e-05
2009-06-02,0.015845604,0.0057394883641659344,0.005700002144712224
2009-06-03,-0.00757419,-0.004300979258104576,-0.004340465477558286
2009-06-04,0.006417669,0.0034669381145930878,0.0034274518951393773
2009-06-05,-0.003126441,-0.0015904458397183463,-0.0016299320591720567
2009-06-08,-0.001512425,0.0012246095639958376,0.001106146228088356
2009-06-09,-0.000163057,-0.0012592094865447878,-0.0012986957059984983
2009-06-10,0.00849538,0.0034948525054492308,0.0034553662859955203
2009-06-11,0.0075642,-0.001036908583603724,-0.0010763948030574344
2009-06-12,0.006244562,0.005097578372367018,0.005058092152913307
2009-06-15,-0.020017251,-0.007439525139406378,-0.007557988475313859
2009-06-16,-0.005077621,-0.0023865372239932903,-0.0024260234434470007
2009-06-17,-0.014587369,-0.007299824224435758,-0.0073393104438894685
2009-06-18,0.01213404,0.0033192412454619014,0.003279755026008191
2009-06-19,0.008149206,0.010506982001213583,0.010467495781759872
2009-06-22,-0.020471642,-0.009993173698321312,-0.010111637034228793
2009-06-23,0.001335312,-0.00024132890337735802,-0.00028081512283106846
2009-06-24,0.022285904,0.010472548697579187,0.010433062478125477
2009-06-25,-0.012910099,-0.0025966493229905296,-0.00263613554244424
2009-06-26,0.002818236,0.0028859083479928493,0.002846422128539139
2009-06-29,0.011342632,0.0018218918393158035,0.0017034285034083219
2009-06-30,-0.005638633,-0.002830761192658904,-0.0028702474121126142
2009-07-01,0.011214677,0.007555346237630545,0.007515860018176834
2009-07-02,-0.019489155,-0.008807428633596737,-0.008846914853050447
2009-07-03,-0.003545286,-0.0031484654762998776,-0.003187951695753588
2009-07-06,0.001497835,-0.001403582834943129,-0.0015220461708506106
2009-07-07,-0.003723814,-0.0020187654315630965,-0.002058251651016807
2009-07-08,-0.007660393,-0.0049332893633621255,-0.004972775582815836
2009-07-09,0.002547598,0.0006378259099506511,0.0005983396904969407
2009-07-10,-0.011564081,-0.0038920513732584316,-0.003931537592712142
2009-07-13,0.013329941,0.006114752327807782,0.0059962889919003
2009-07-14,0.009080489,0.0025889502445111123,0.002549464025057402
2009-07-15,0.018687767,0.011654410235552026,0.011614924016098316
2009-07-16,0.010367217,0.006537644843374935,0.006498158623921224
2009-07-17,0.009245478,0.008400033216853231,0.00836054699739952
2009-07-20,0.006569602,0.005639791818258244,0.0055213284823507625
2009-07-21,0.00250805,0.007202994562361065,0.007163508342907354
2009-07-22,0.000152749,0.0007074403015532305,0.00066795408209952
2009-07-23,0.020405341,0.00618088221391111,0.006141395994457399
2009-07-24,-0.001419854,-0.0034861666758918552,-0.0035256528953455657
2009-07-27,0.004962377,0.004922144542172102,0.004803681206264621
2009-07-28,-0.001652676,0.0031151552141062133,0.003075668994652503
2009-07-29,0.003979045,0.005611123798205497,0.005571637578751787
2009-07-30,0.023371458,0.007001203987988758,0.006961717768535047
2009-07-31,0.003931709,0.003337010691639275,0.002874915863809804
2009-08-03,0.003841938,0.002670218753130893,0.0025517554172234114
2009-08-04,-0.004774782,-0.003529687261098813,-0.0035691734805525233
2009-08-05,-0.003443993,0.004902907013861979,0.004863420794408269
2009-08-06,0.008787173,0.0017129289501673917,0.0016734427307136812
2009-08-07,0.008960064,0.00548411157553419,0.005444625356080479
2009-08-10,-0.002491483,-0.0015754794264757344,-0.001693942762383216
2009-08-11,-0.009022719,-0.005961518197787452,-0.0060010044172411625
2009-08-12,0.002416894,0.000540411562714338,0.0005009253432606275
2009-08-13,0.004124346,0.001392707632634993,0.0013532214131812825
2009-08-14,0.000716273,0.004474091229771826,0.004434605010318116
2009-08-17,-0.016889218,-0.010187435335394346,-0.010305898671301827
2009-08-18,0.01100963,0.006658484605618131,0.006618998386164421
2009-08-19,0.003957776,0.003254993999758371,0.0032155077803046606
2009-08-20,0.009039008,0.0064837992193556016,0.006444312999901891
2009-08-21,0.017343913,0.011944359636525181,0.011904873417071471
2009-08-24,0.009197296,0.005476329510720523,0.005357866174813042
2009-08-25,0.000759925,-0.0006849983869307019,-0.0007244846063844124
2009-08-26,-0.003686121,-0.0011624321202330368,-0.0012019183396867472
2009-08-27,-0.00085437,-0.000549925027696907,-0.0005894112471506174
2009-08-28,0.006908606,0.001806748034125949,0.0017672618146722385
2009-08-31,3.18e-05,-0.003695305273047289,-0.0038137686089547707
2009-09-01,-0.01348442,-0.004701099083798899,-0.004740585303252609
2009-09-02,-0.007349149,-0.004487856974939364,-0.004527343194393074
2009-09-03,-0.001763025,-0.0019705026644930568,-0.0020099888839467672
2009-09-04,0.007850994,0.004201959996001037,0.004162473776547326
2009-09-07,0.010698446,0.01135010254429214,0.011231639208384658
2009-09-08,0.002214721,0.0037952532767813185,0.003755767057327608
2009-09-09,0.002500347,0.004521479650174909,0.004481993430721198
2009-09-10,0.002004263,0.0038842395213041225,0.003844753301850412
2009-09-11,0.004328907,0.0036226466011759495,0.003583160381722239
2009-09-14,-0.000756151,0.0014336502147789254,0.0013151868788714438
2009-09-15,-0.000911043,0.002435766114840421,0.0023962798953867104
2009-09-16,0.0128537,0.008380496425706152,0.008341010206252442
2009-09-17,0.002937923,0.0030613106964834103,0.0030218244770297
2009-09-18,0.001291538,0.000891960368473832,0.0008524741490201215
2009-09-21,-0.003123136,-0.001575880329565682,-0.0016943436654731636
2009-09-22,0.005269253,0.0020354641737176937,0.0019959779542639833
2009-09-23,0.00166688,0.0009153153857144325,0.000875829166260722
2009-09-24,-0.011739875,-0.008320218293162651,-0.008359704512616362
2009-09-25,-0.006215396,-0.0017789626153125182,-0.0018184488347662287
2009-09-28,0.007983936,0.0057023507222286884,0.005583887386321207
2009-09-29,0.004083707,0.003102607928653134,0.0030631217091994234
2009-09-30,0.001428435,0.0029423245495641126,0.002902838330110402
2009-10-01,-0.011022996,-0.009596984902131123,-0.009636471121584833
2009-10-02,-0.017065011,-0.01096246708932036,-0.01100195330877407
2009-10-05,0.002345101,0.004160966940815136,0.004042503604907655
2009-10-06,0.0180855,0.009617528745119452,0.009578042525665742
2009-10-07,-0.00226852,-0.00129403912530357,-0.0013335253447572804
2009-10-08,0.007313138,0.0016511641680125866,0.0016116779485588761
2009-10-09,-0.001190111,0.002938240971488426,0.0028987547520347157
2009-10-12,0.012676546,0.006056767457838008,0.005938304121930527
2009-10-13,-0.00855587,-0.007209528346345806,-0.007249014565799516
2009-10-14,0.012490362,0.004057012040119101,0.004017525820665391
2009-10-15,-0.003165467,0.006551828959562522,0.006512342740108812
2009-10-16,-0.005461893,-0.005866214819507554,-0.005905701038961264
2009-10-19,0.012693379,0.003839040567774399,0.0037205772318669172
2009-10-20,-0.001747628,0.0022924541054758496,0.002252967886022139
2009-10-21,2.71e-05,-0.0033019139507159956,-0.003341400170169706
2009-10-22,-0.004616637,-0.00121968148144469,-0.0012591677008984004
2009-10-23,-0.00378768,-0.0029761131054858447,-0.003015599324939555
2009-10-26,-0.011670149,-0.006405101408397673,-0.006523564744305155
2009-10-27,0.008379004,0.005289976939916841,0.00525049072046313
2009-10-28,-0.015018975,-0.003997011661186822,-0.004036497880640533
2009-10-29,0.010898304,-0.004761579987418885,-0.004801066206872595
2009-10-30,-0.009115453,-0.0014338456088283102,-0.0014733318282820207
2009-10-31,0.0,0.0,-0.00023773797941679722
2009-11-02,0.000188799,-0.0015110691399954357,-0.0015900431380645452
2009-11-03,-0.011296173,-0.007157822702639649,-0.0071973089220933595
2009-11-04,0.010040131,0.00744002805359778,0.00740054183414407
2009-11-05,0.003055854,0.004614578965242755,0.0045750927457890445
2009-11-06,0.001503873,0.0008745867265618212,0.0008351005071081108
2009-11-09,0.014090093,0.008523450083388617,0.008404986747481136
2009-11-10,-0.002110161,0.00133494720255678,0.0012954609831030695
2009-11-11,0.001403673,0.0011225679703790181,0.0010830817509253077
2009-11-12,-0.002217242,0.0006684811377006827,0.0006289949182469723
2009-11-13,-0.000580172,0.0012571536166992026,0.0012176673972454921
2009-11-16,0.010640842,0.007372462397718715,0.007253999061811234
2009-11-17,-0.006488158,-0.002515858779988056,-0.0025553449994417665
2009-11-18,-0.000714504,0.004587013071379431,0.004547526851925721
2009-11-19,-0.013175921,-0.007981034612181137,-0.008020520831634848
2009-11-20,-0.00207597,-0.002818504028777924,-0.0028579902482316344
2009-11-23,0.018972012,0.010179578743641393,0.010061115407733912
2009-11-24,-0.002260942,-3.849282025458756e-06,-4.33355014791692e-05
2009-11-25,0.003270985,0.002268276983731443,0.0022287907642777327
2009-11-26,-0.020971105,-0.011761598809001628,-0.011801085028455338
2009-11-27,0.008071931,0.0016754816720552235,0.001635995452601513
2009-11-30,-0.011086886,-0.007002044606934654,-0.007120507942842136
2009-12-01,0.016234965,0.01004210824903029,0.01000262202957658
2009-12-02,0.002682689,0.0020273819356042555,0.001987895716150545
2009-12-03,0.008476398,0.006408745878535571,0.006369259659081861
2009-12-04,0.008444884,0.004397736158380017,0.004358249938926306
2009-12-07,-0.003624746,0.003582220814104975,0.0034637574781974934
2009-12-08,-0.010617226,-0.0063774815176870225,-0.006416967737140733
2009-12-09,-0.007688213,-0.00455268413091825,-0.00459217035037196
2009-12-10,0.008425161,0.004974037318636437,0.004934551099182727
2009-12-11,0.000404849,0.0015949702573443414,0.001555484037890631
2009-12-14,0.003540539,0.0011844244918759461,0.0010659611559684645
2009-12-15,0.001479212,-0.001228436481537698,-0.0012679227009914085
2009-12-16,0.012664879,0.0017724392569278269,0.0017329530374741164
2009-12-17,-0.006627689,-0.004049127099365335,-0.0040886133188190454
2009-12-18,-0.003254283,0.000990312989104014,0.0009508267696503037
2009-12-21,0.005705035,0.002689773426822528,0.0025713100909150466
2009-12-22,0.011169863,0.005008962159541275,0.004969475940087564
2009-12-23,0.000194792,0.0009359575103207174,0.0008964712908670069
2009-12-24,0.0,0.0,-3.948621945371045e-05
2009-12-25,0.0,0.0,-3.948621945371045e-05
2009-12-28,0.001726229,0.0008478331761312408,0.0007293698402237592
2009-12-29,0.002914509,0.0016645769908223418,0.0016250907713686313
2009-12-30,-0.008457297,-0.004616470895523528,-0.004655957114977238
2009-12-31,0.0,0.0,-3.948621945371045e-05
2010-01-04,0.013639272,0.010753040754235998,0.010595086521205443
2010-01-05,-0.00518311,-0.0009457885429274837,-0.0009852747623811942
2010-01-06,-0.002171468,0.01408746286871021,0.0140479766492565
2010-01-07,-0.000499889,-0.017686573251668225,-0.017726059471121935
2010-01-08,0.009007799,0.0035076055867093725,0.003468119367255662
2010-01-11,-0.003184223,0.00036077543710621995,0.00024231210119873836
2010-01-12,-0.00734289,-0.0039063616365064835,-0.003945847855960194
2010-01-13,0.001711677,0.0038929799614038085,0.003853493741950098
2010-01-14,0.010927533,0.0076572269003662985,0.007617740680912588
2010-01-15,-0.006575842,-0.0012794427988425117,-0.0013189290182962221
2010-01-18,0.004258075,0.0011561863330564748,0.0010377229971489932
2010-01-19,0.004285574,0.0028209459699326533,0.002781459750478943
2010-01-20,-0.006610281,-0.0025235622351301723,-0.0025630484545838828
2010-01-21,-0.001866848,-0.0008410701801376819,-0.0008805563995913923
2010-01-22,-0.012552213,-0.006651829374891949,-0.006691315594345659
2010-01-25,-0.005839148,-0.0006681149044840407,-0.0007865782403915222
2010-01-26,0.004561463,0.0023596577451023837,0.0023201715256486732
2010-01-27,-0.001928704,-0.001186827909551158,-0.0012263141290048685
2010-01-28,-0.004610305,-0.00033676228182566437,-0.0003762485012793748
2010-01-29,0.000357387,0.0027906037604474854,0.002751117540993775
2010-01-31,0.0,0.0,-0.000316661042582436
2010-02-01,0.007719665,0.0037652364780167424,0.003725750258563032
2010-02-02,0.008198547,0.003921176483367317,0.0038816902639136064
2010-02-03,0.000362241,-0.0003643281411637167,-0.00040381436061742715
2010-02-04,-0.022996647,-0.012433663172382592,-0.012473149391836302
2010-02-05,-0.020229359,-0.011481564457230364,-0.011521050676684075
2010-02-08,0.011110537,0.005025558206940728,0.004907094871033246
2010-02-09,-0.004078921,-0.0010447915391872398,-0.0010842777586409502
2010-02-10,0.002968642,0.0035142333145059546,0.003474747095052244
2010-02-11,0.009610395,0.005398880579759124,0.005359394360305414
2010-02-12,0.000993514,0.0009519449863395479,0.0009124587668858375
2010-02-15,0.003805595,0.0029083848456079586,0.002789921509700477
2010-02-16,0.007223929,0.00015163327872080856,0.00011214705926709811
2010-02-17,0.010587413,0.002101106995002544,0.0020616207755488336
2010-02-18,0.00971743,0.00031392988123446486,0.0002744436617807544
2010-02-19,0.009629168,0.004708220293049292,0.004668734073595582
2010-02-22,-0.00246287,5.4657549306558195e-06,-0.00011299758097682577
2010-02-23,-0.005614732,-0.0031623056778203873,-0.0032017918972740977
2010-02-24,0.00513201,0.0033130954447950778,0.0032736092253413673
2010-02-25,-0.0065472,-0.004567688883349241,-0.004607175102802952
2010-02-26,0.009889904,0.009547465637084418,0.009507979417630708
2010-02-28,0.0,0.0,-7.897399806910954e-05
2010-03-01,0.010900062,0.0029814494890612053,0.002941963269607495
2010-03-02,0.010631487,0.006797756246423647,0.006758270026969937
2010-03-03,0.000606315,0.0031397966748780703,0.00310031045542436
2010-03-04,0.003834273,0.0007854725347566927,0.0007459863153029822
2010-03-05,0.006014349,0.003474424893920025,0.0034349386744663146
2010-03-08,0.001047101,0.0063153924891572455,0.006196929153249764
2010-03-09,0.002031568,0.0010026940673188989,0.0009632078478651884
2010-03-10,0.001042209,0.000488059182013334,0.00044857296255962353
2010-03-11,-0.002482295,0.0013884118793638933,0.0013489256599101829
2010-03-12,-0.001595777,-0.0006036623935508079,-0.0006431486130045183
2010-03-15,-0.001779841,0.0005769327359117504,0.00045846940000426883
2010-03-16,0.007323997,0.004046922672699127,0.0040074364532454165
2010-03-17,0.003576873,0.0027683464185699336,0.002728860199116223
2010-03-18,0.000446348,-7.450635880590362e-06,-4.693685533430081e-05
2010-03-19,-0.002385566,-0.00290590153613679,-0.0029453877555905006
2010-03-22,-0.001960742,0.0013194930417299577,0.0012010297058224761
2010-03-23,0.001730515,0.0018999709331539716,0.0018604847137002611
2010-03-24,0.000605886,-0.00017361227569412385,-0.0002130984951478343
2010-03-25,0.003209416,0.004970724929761472,0.0049312387103077615
2010-03-26,-0.006607805,-0.004746706728982919,-0.0047861929484366295
2010-03-29,0.001730729,0.003537107961735675,0.0034186446258281933
2010-03-30,0.00264842,0.0038013085541857006,0.00376182233473199
2010-03-31,0.001214889,0.002034293784679342,0.0019948075652256314
2010-04-01,0.005554409,0.0016347000175191972,0.0015952137980654868
2010-04-02,0.0,0.0,-3.948621945371045e-05
2010-04-05,0.0,0.0,-0.00011846333590748159
2010-04-06,0.000933588,0.002096128868827263,0.0020566426493735523
2010-04-07,-0.00567899,-0.003945843974201502,-0.003985330193655212
2010-04-08,-0.00718003,-0.0028285819340678753,-0.0028680681535215857
2010-04-09,0.014663263,0.008140261979718622,0.008100775760264911
2010-04-12,0.002933859,-0.0003701705387401111,-0.0004886338746475927
2010-04-13,-0.00322159,-0.00034706557555519435,-0.0003865517950089048
2010-04-14,0.004673769,-0.00019266536530493372,-0.00023215158475864417
2010-04-15,0.006705165,0.0011926757474500782,0.0011531895279963678
2010-04-16,-0.009679695,-0.0027340980800385495,-0.00277358429949226
2010-04-19,-0.006824537,-0.008562717596004465,-0.008681180931911947
2010-04-20,0.005403844,0.0027453086448236963,0.002705822425369986
2010-04-21,-0.003170389,0.0009868633703959961,0.0009473771509422857
2010-04-22,-0.011915174,-0.0036070980600139135,-0.003646584279467624
2010-04-23,0.006826591,0.006893831290758934,0.006854345071305223
2010-04-26,0.004892076,-0.0009336785230307232,-0.0010521418589382048
2010-04-27,-0.020062933,-0.013686278293988052,-0.013725764513441763
2010-04-28,-0.014433718,-0.01594317426025693,-0.015982660479710642
2010-04-29,0.011716424,0.013649290990594753,0.013609804771141043
2010-04-30,-0.008392602,-0.0007357863232390072,-0.0009163298691730606
2010-05-03,-0.002844014,-0.0018717205167804174,-0.001990183852687899
2010-05-04,-0.014059965,-0.01344837290709211,-0.01348785912654582
2010-05-05,-0.00626396,-0.007524506426257793,-0.007563992645711504
2010-05-06,-0.010471314,-0.002118443920711144,-0.0021579301401648543
2010-05-07,-0.029314002,-0.025772531152247313,-0.025812017371701024
2010-05-10,0.042485995,0.030565180659515745,0.030446717323608263
2010-05-11,0.003940318,0.0014447696836787927,0.0014052834642250822
2010-05-12,0.01132705,0.014350276447079535,0.014310790227625825
2010-05-13,0.0,0.0,-3.948621945371045e-05
2010-05-14,-0.021933767,-0.01594444268957984,-0.01598392890903355
2010-05-17,-0.000434817,-0.003233800366868267,-0.0033522637027757485
2010-05-18,0.006366589,0.007510754681431475,0.007471268461977765
2010-05-19,-0.015914655,-0.009572896558700306,-0.009612382778154016
2010-05-20,-0.018483841,-0.012134186925750634,-0.012173673145204345
2010-05-21,-0.006613098,-0.004167135717935033,-0.004206621937388744
2010-05-24,0.0,0.0,-0.00011846333590748159
2010-05-25,-0.021107636,-0.016651264987506575,-0.016690751206960286
2010-05-26,0.01380815,0.010337527345567254,0.010298041126113544
2010-05-27,0.024911647,0.01645911136142919,0.01641962514197548
2010-05-28,0.000161383,0.006387704953842777,0.006348218734389066
2010-05-31,-0.002723355,0.0012047537124142416,0.00108629037650676
2010-06-01,-0.00084135,-0.003208483159081621,-0.0032479693785353314
2010-06-02,0.005802645,0.0046351195314873195,0.004595633312033609
2010-06-03,0.008529425,0.009405189833235683,0.009365703613781973
2010-06-04,-0.016313274,-0.011508488786057591,-0.011547975005511302
2010-06-07,-0.00195284,-0.004257126424346835,-0.004375589760254317
2010-06-08,-0.009835698,-0.003951914903340348,-0.003991401122794058
2010-06-09,0.013294407,0.009819382116262432,0.009779895896808721
2010-06-10,0.008175231,0.007613528598756192,0.007574042379302481
2010-06-11,0.007294472,0.001736377752729723,0.0016968915332760126
2010-06-14,0.006938435,0.005900661107860916,0.0057821977719534345
2010-06-15,0.002477667,0.0023474304992041617,0.0023079442797504512
2010-06-16,0.001461495,0.001764020870277161,0.0017245346508234505
2010-06-17,-0.002120636,-0.00291204885890628,-0.0029515350783599903
2010-06-18,-0.002680598,-0.0029796014404680493,-0.0030190876599217598
2010-06-21,0.011175971,0.007848627690949295,0.007730164355041813
2010-06-22,-0.008094555,-0.0027609094529749134,-0.002800395672428624
2010-06-23,-0.01180688,-0.007900441935272173,-0.007939928154725884
2010-06-24,-0.010279965,-0.004051610793143423,-0.0040910970125971335
2010-06-25,-0.006579527,-0.0035258885450428767,-0.003565374764496587
2010-06-28,0.006116695,0.0069361097592954835,0.006817646423388002
2010-06-29,-0.02581544,-0.014798824719701953,-0.014838310939155663
2010-06-30,-0.00212572,-0.0014015045740172205,-0.001440990793470931
2010-07-01,-0.022343569,-0.014360813271699024,-0.014400299491152735
2010-07-02,-0.000921129,-0.0012974294000720477,-0.001336915619525758
2010-07-05,-0.00483518,0.002571915525041879,0.0024534521891343974
2010-07-06,0.01923494,0.011274508565877861,0.01123502234642415
2010-07-07,0.005689019,0.005137217086034207,0.005097730866580497
2010-07-08,0.009346401,0.00554959085364759,0.00551010463419388
2010-07-09,0.008116164,0.006367618146281284,0.006328131926827574
2010-07-12,0.004005348,0.0017084545933756523,0.0015899912574681707
2010-07-13,0.011330462,0.009572939223488008,0.009533453004034298
2010-07-14,0.004382971,0.004157593401726611,0.004118107182272901
2010-07-15,-0.005953786,-0.0027338957618001647,-0.002773381981253875
2010-07-16,-0.01548548,-0.008674485936570053,-0.008713972156023764
2010-07-19,-0.005142506,-0.003090950800811898,-0.0032094141367193796
2010-07-20,-0.005562189,-0.0038169811261925535,-0.003856467345646264
2010-07-21,0.002412434,0.002026746007849356,0.0019872597883956455
2010-07-22,0.009421967,0.0061414428385115905,0.00610195661905788
2010-07-23,0.000985795,0.0002650510980883869,0.00022556487863467645
2010-07-26,0.000705791,0.002702775262794388,0.0025843119268869064
2010-07-27,0.01080356,0.00029497281962886923,0.0002554866001751588
2010-07-28,0.000481397,-0.002798125332808321,-0.0028376115522620315
2010-07-29,-0.007612141,0.0005137167782973684,0.00047423055884365795
2010-07-30,-0.00309073,-0.005629236696869211,-0.005668722916322921
2010-07-31,0.0,0.0,-0.0002209586702241962
2010-08-02,0.018978937,0.014823603520054629,0.01474462952198552
2010-08-03,0.002815537,0.002417008009781396,0.0023775217903276857
2010-08-04,0.006194616,0.0022964353670338333,0.002256949147580123
2010-08-05,-0.00052618,-0.00047252232127303895,-0.0005120085407267494
2010-08-06,-0.007973071,-0.005091359701825726,-0.005130845921279437
2010-08-09,0.010279621,0.006817631287511006,0.006699167951603524
2010-08-10,-0.000373184,0.00014144325429210625,0.0001019570348383958
2010-08-11,-0.020359417,-0.014030236310021205,-0.014069722529474915
2010-08-12,0.001116156,-0.0012226835382744827,-0.0012621697577281932
2010-08-13,0.002478784,0.0033633188462782737,0.0033238326268245633
2010-08-16,-0.001351502,-0.0008252751300183991,-0.0009437384659258807
2010-08-17,0.011651983,0.008195405490546204,0.008155919271092493
2010-08-18,0.001022457,0.0024845457818098993,0.002445059562356189
2010-08-19,-0.011582531,-0.006742934442132031,-0.006782420661585742
2010-08-20,-0.014595163,-0.009758556893795567,-0.009798043113249277
2010-08-23,0.003911567,0.004582900015421387,0.004464436679513906
2010-08-24,-0.010788146,-0.007721869698313566,-0.007761355917767276
2010-08-25,-0.00792179,-0.005199720470093427,-0.005239206689547138
2010-08-26,0.005418557,0.0021287235196534304,0.00208923730019972
2010-08-27,0.007903279,0.008580041051933662,0.008540554832479952
2010-08-30,0.003339647,0.0021105573981137216,0.00199209406220624
2010-08-31,-0.003219099,-0.00031463892398897464,-0.0003541251434426851
2010-09-01,0.022672339,0.010622199178993652,0.010582712959539942
2010-09-02,0.000450873,-0.0008752197129491268,-0.0009147059324028373
2010-09-03,0.00958567,0.005304777082100642,0.005265290862646932
2010-09-06,0.002825369,0.0054112619019990316,0.00529279856609155
2010-09-07,-0.008779011,-0.004743881175829023,-0.004783367395282734
2010-09-08,0.003631808,0.002804803536239131,0.0027653173167854206
2010-09-09,0.005497247,0.0015456740916854894,0.001506187872231779
2010-09-10,0.006113508,0.005253825784596211,0.005214339565142501
2010-09-13,0.001391841,0.0012448263551811944,0.0011263630192737129
2010-09-14,-0.000869349,0.001991295049079911,0.0019518088296262004
2010-09-15,-0.004362806,-0.0008999106594471673,-0.0009393968789008778
2010-09-16,-0.001263305,1.5241489749628911e-05,-2.4244729704081536e-05
2010-09-17,-0.004482731,0.000160904128307493,0.00012141790885378256
2010-09-20,0.011176659,0.008386875283016737,0.008268411947109255
2010-09-21,-0.005057763,-0.0016598180197238133,-0.0016993042391775237
2010-09-22,-0.01044173,-0.005501829238984346,-0.005541315458438056
2010-09-23,-0.006075181,-0.00045539799220883914,-0.0004948842116625496
2010-09-24,0.008830888,0.005873896275526924,0.005834410056073214
2010-09-27,-0.002611341,0.0006942028156959879,0.0005757394797885063
2010-09-28,0.000281218,0.004672202327824282,0.0046327161083705715
2010-09-29,-0.002829187,-0.0045738213965950125,-0.004613307616048723
2010-09-30,-0.001689837,-0.0002689768754176036,-0.00030846309487131407
2010-10-01,-0.00156579,0.001513815218961101,0.0014743289995073905
2010-10-04,-0.005651771,-0.003882066165093234,-0.004000529501000716
2010-10-05,0.009488161,0.004109967400763637,0.004070481181309926
2010-10-06,0.006037107,0.004787288829822156,0.004747802610368446
2010-10-07,0.003779579,0.005552402748436602,0.005512916528982892
2010-10-08,-0.001319285,0.0015370434828136936,0.0014975572633599832
2010-10-11,0.003876428,0.0015119148323303744,0.0013934514964228928
2010-10-12,-0.001832079,-0.0007571635020069412,-0.0007966497214606516
2010-10-13,0.011760948,0.0029370716161494226,0.002897585396695712
2010-10-14,-0.00120359,0.0015186216366440686,0.0014791354171903581
2010-10-15,-0.00024974,-0.0004892356742541848,-0.0005287218937078952
2010-10-18,0.004002082,-0.0003131045523238063,-0.0004315678882312879
2010-10-19,-0.000394959,-0.004958996963056683,-0.004998483182510394
2010-10-20,0.000285458,-0.0030761203559104278,-0.003115606575364138
2010-10-21,0.005900675,0.0045670492794975814,0.004527563060043871
2010-10-22,-0.004198446,-0.002546560301845191,-0.0025860465212989014
2010-10-25,0.005496453,0.004468139769165491,0.00434967643325801
2010-10-26,-0.005532059,-0.0015833530314657285,-0.001622839250919439
2010-10-27,-0.000601106,-0.002933649378275005,-0.0029731355977287155
2010-10-28,0.001373292,0.0027776162511563562,0.002738130031702646
2010-10-29,-0.001017273,0.0004908388427709021,0.0004513526233171916
2010-10-31,0.0,0.0,-0.00029827909741407093
2010-11-01,0.005032461,0.0037215521389160067,0.0036820659194622962
2010-11-02,0.005213016,0.002932129491689972,0.0028926432722362616
2010-11-03,-0.003756611,-0.0027602644365810614,-0.002799750656034772
2010-11-04,0.012173877,0.006702302731354859,0.006662816511901148
2010-11-05,-0.000844361,-0.0007969691757886421,-0.0008364553952423526
2010-11-08,0.001840385,-0.0007203073699869611,-0.0008387707058944427
2010-11-09,-0.001900055,-0.0012368760299922288,-0.0012763622494459392
2010-11-10,-0.006506633,-0.005444954998429563,-0.0054844412178832735
2010-11-11,-0.00354357,-0.0029266346652262465,-0.002966120884679957
2010-11-12,-0.001774637,-0.0028753010425652814,-0.002914787262018992
2010-11-15,0.008253169,0.005432789063342103,0.005314325727434621
2010-11-16,-0.012157612,-0.006243263012634226,-0.006282749232087936
2010-11-17,0.003006123,0.003860606470466932,0.0038211202510132214
2010-11-18,0.017078186,0.0106295522740667,0.01059006605461299
2010-11-19,-0.002254726,-0.0005986119907624987,-0.0006380982102162092
2010-11-22,-0.007423667,-0.0019346391513206385,-0.00205310248722812
2010-11-23,-0.01981745,-0.012589236299768714,-0.012628722519222424
2010-11-24,0.00838714,0.006777034631315182,0.0067375484118614715
2010-11-25,0.008642224,0.00857386963560014,0.00853438341614643
2010-11-26,-0.003237823,-0.002184831650597019,-0.0022243178700507293
2010-11-29,-0.011813248,-0.006717768798869761,-0.0068362321347772426
2010-11-30,-0.011665967,-0.007964092664788258,-0.008003578884241969
2010-12-01,0.016012441,0.013488919496060126,0.013449433276606415
2010-12-02,0.012063403,0.008829061944682248,0.008789575725228538
2010-12-03,-0.004843202,-0.0002649076893713742,-0.00030439390882508466
2010-12-06,-0.003035898,0.00018590740579105258,6.744406988357099e-05
2010-12-07,0.007784537,0.007030964618223612,0.006991478398769901
2010-12-08,0.005819546,0.0018930781701556043,0.0018535919507018939
2010-12-09,0.002432736,-0.0012462012511182952,-0.0012856874705720056
2010-12-10,-0.002681121,-0.0004772085712101415,-0.0005166947906638519
2010-12-13,0.000150587,-0.0011384512283495463,-0.0012569145642570279
2010-12-14,0.002852176,0.0002035896412242444,0.00016410342177053394
2010-12-15,0.002088263,0.004389638894698233,0.004350152675244523
2010-12-16,0.0010045,-0.00025294010741439,-0.00029242632686810044
2010-12-17,-0.003073406,-0.0019644208162954424,-0.002003907035749153
2010-12-20,-0.001439929,-0.0008423338794130153,-0.0009607972153204969
2010-12-21,0.005920081,0.0052624078203842295,0.005222921600930519
2010-12-22,-0.00087302,-0.0011413014074004302,-0.0011807876268541406
2010-12-23,0.006444572,0.005236135340745074,0.0051966491212913635
2010-12-24,0.0,0.0,-3.948621945371045e-05
2010-12-27,-0.005079066,-0.003916866711214384,-0.004035330047121866
2010-12-28,9.17e-05,0.0012517526459492334,0.001212266426495523
2010-12-29,0.000529635,0.0007665541708765655,0.0007270679514228551
2010-12-30,-0.01753487,-0.011338114652921338,-0.011377600872375049
2010-12-31,0.0,0.0,-3.948621945371045e-05
2011-01-03,0.008905782,0.008118829275688855,0.008000365939781373
2011-01-04,0.000356031,0.0006011513111314759,0.0005616650916777655
2011-01-05,0.001382551,-0.0013476673207141188,-0.0013871535401678292
2011-01-06,0.001047442,-0.003469294445845983,-0.0035087806652996933
2011-01-07,-0.005252216,-0.004284002794832431,-0.0043234890142861415
2011-01-10,-0.007656524,-0.004650517636209495,-0.004768980972116976
2011-01-11,0.014507815,0.007418699712109733,0.007379213492656023
2011-01-12,0.011905594,0.007465160986183772,0.0074256747667300615
2011-01-13,-0.007906563,-0.00722980383905647,-0.0072692900585101805
2011-01-14,-0.000290328,-0.0008033063535310969,-0.0008427925729848074
2011-01-17,0.002488031,0.0011206611362253316,0.00100219780031785
2011-01-18,0.007106749,0.00458585138913592,0.004546365169682209
2011-01-19,-0.010762365,-0.00825499639245042,-0.00829448261190413
2011-01-20,-0.008056713,-0.008428339702842846,-0.008467825922296557
2011-01-21,0.007321593,0.002742084262316258,0.0027025980428625473
2011-01-24,0.004075805,0.0005969336427582572,0.00047847030685077563
2011-01-25,-0.00307114,0.0033201794776342997,0.003280693258180589
2011-01-26,0.00292419,0.00011535992143518747,7.587370198147703e-05
2011-01-27,-0.002600366,-0.0011239838209808894,-0.0011634700404346
2011-01-28,-0.00493896,-0.0006923400552071302,-0.0007318262746608406
2011-01-31,-0.006801292,-0.00834909564588715,-0.008769403598185541
2011-02-01,0.012306211,0.010157044529809367,0.010117558310355657
2011-02-02,-0.00038223,0.0012993506913647757,0.0012598644719110652
2011-02-03,-0.000927899,0.0002808178044819698,0.00024133158502825935
2011-02-04,0.005822617,0.002982171869742478,0.0029426856502887677
2011-02-07,0.005300159,0.0027286977795062395,0.002610234443598758
2011-02-08,0.00345537,-0.0014336549476456906,-0.001473141167099401
2011-02-09,-0.001160118,-0.0012872482192236578,-0.0013267344386773683
2011-02-10,-0.003492789,-0.0017225977109472934,-0.0017620839304010039
2011-02-11,0.007897689,0.004442717106626803,0.004403230887173093
2011-02-14,0.001228261,-0.000555909126267351,-0.0006743724621748326
2011-02-15,0.002797334,0.003532408496662809,0.0034929222772090984
2011-02-16,0.002130429,-0.0005762490525560438,-0.0006157352720097542
2011-02-17,-0.000881916,-0.0038520537784265674,-0.003891539997880278
2011-02-18,0.001376405,-0.0009524142446181161,-0.0009919004640718265
2011-02-21,-0.005398451,-0.0035582700375456078,-0.0036767333734530894
2011-02-22,-0.00879089,-0.006397070685700723,-0.006436556905154434
2011-02-23,-0.002879389,-0.0031086303499846535,-0.003148116569438364
2011-02-24,-0.009534489,-0.005096488059311399,-0.00513597427876511
2011-02-25,0.004114097,0.005885193695731816,0.005845707476278106
2011-02-28,0.010692218,0.011129078241862045,0.011010614905954563
2011-03-01,0.001648102,0.0019508169820943166,0.0019113307626406062
2011-03-02,-0.006511118,-0.002531391041382891,-0.0025708772608366015
2011-03-03,0.006893129,0.003177700290044161,0.0031382140705904504
2011-03-04,-0.007937466,-0.0012959936271864647,-0.0013354798466401752
2011-03-07,-0.004446675,-0.0031138110394163254,-0.003232274375323807
2011-03-08,0.002901297,0.002069047577722305,0.0020295613582685945
2011-03-09,-0.008753191,-0.003929885563961344,-0.003969371783415054
2011-03-10,-0.007761469,-0.003523226337213581,-0.0035627125566672913
2011-03-11,-0.008026986,-0.007194575529120062,-0.007234061748573772
2011-03-14,-0.01173713,-0.007445880776375979,-0.007564344112283461
2011-03-15,-0.027011417,-0.024493329178147838,-0.02453281539760155
2011-03-16,-0.013609996,-0.005219827504507668,-0.0052593137239613785
2011-03-17,0.008610124,0.007379198287348787,0.007339712067895077
2011-03-18,0.006246044,0.01068427628740709,0.01064479006795338
2011-03-21,0.020112358,0.016775973449183246,0.016657510113275764
2011-03-22,0.00057598,0.00011569088776153258,7.620466830782213e-05
2011-03-23,0.004739387,0.0030463361470756123,0.003006849927621902
2011-03-24,0.009521935,0.006697872065974053,0.006658385846520343
2011-03-25,0.005431566,0.007334228161295586,0.007294741941841876
2011-03-28,0.001703778,-0.00027200204996058464,-0.00039046538586806623
2011-03-29,0.000587702,0.0016378806415981995,0.001598394422144489
2011-03-30,0.005731916,0.003719079468970765,0.0036795932495170547
2011-03-31,-0.005199405,-0.0022707188739896633,-0.0023102050934433738
2011-04-01,0.012730616,0.008007611393483938,0.007968125174030227
2011-04-04,-0.000501255,7.481013774301992e-05,-4.365319816446167e-05
2011-04-05,0.001582986,-0.0003185731511808898,-0.00035805937063460025
2011-04-06,0.000870288,-0.0017756774856274582,-0.0018151637050811686
2011-04-07,0.002617102,0.0013638957591490808,0.0013244095396953703
2011-04-08,-0.000376775,-0.000993770218605472,-0.0010332564380591824
2011-04-11,-0.002635024,0.0009316586896197521,0.0008131953537122705
2011-04-12,-0.013591245,-0.007232415758139932,-0.007271901977593642
2011-04-13,0.00225385,0.003784251984084941,0.0037447657646312305
2011-04-14,-0.001358567,0.00018564858039660237,0.00014616236094289192
2011-04-15,0.005903754,0.009899440685946281,0.009859954466492571
2011-04-18,-0.014698471,-0.004925586381690938,-0.00504404971759842
2011-04-19,0.012094242,0.005971795980742822,0.005932309761289112
2011-04-20,0.017496575,0.011085744990388058,0.011046258770934347
2011-04-21,0.00303404,0.004370191183358907,0.0043307049639051964
2011-04-22,0.0,0.0,-3.948621945371045e-05
2011-04-25,0.0,0.0,-0.00011846333590748159
2011-04-26,0.003669919,0.0009098886016112306,0.0008704023821575202
2011-04-27,-0.00078869,-0.001173406433499169,-0.0012128926529528794
2011-04-28,0.006626865,0.004537846849144378,0.0044983606296906675
2011-04-29,0.003174836,0.002959004827773448,0.0029195186083197378
2011-04-30,0.0,0.0,-0.0003323461930540776
2011-05-02,0.00102444,-0.0010910377377224556,-0.0011700117357915651
2011-05-03,-0.002501994,-0.002492141350449839,-0.0025316275699035495
2011-05-04,-0.006352284,-0.002187880690671107,-0.0022273669101248172
2011-05-05,-0.00317298,-0.0026840469575605264,-0.002723533177014237
2011-05-06,0.011908385,0.005366221619246714,0.005326735399793003
2011-05-09,-0.006302874,-0.0020943468465342008,-0.0022128101824416824
2011-05-10,0.007003391,0.0015095251627048611,0.0014700389432511507
2011-05-11,0.004814143,0.003343868643041814,0.0033043824235881036
2011-05-12,-0.000670982,0.0010177060791320969,0.0009782198596783864
2011-05-13,-0.000216645,0.0003369355625493231,0.00029744934309561266
2011-05-16,-0.000552481,-0.0018128442768630126,-0.0019313076127704942
2011-05-17,-0.010830636,-0.003886264321942945,-0.003925750541396655
2011-05-18,0.006051855,0.005618370693725172,0.005578884474271462
2011-05-19,0.00366382,0.004125625552313883,0.0040861393328601725
2011-05-20,-0.003577536,-0.0035987958745538062,-0.0036382820940075167
2011-05-23,-0.014730705,-0.009626897326997619,-0.0097453606629051
2011-05-24,0.002577341,0.0020657181317145223,0.002026231912260812
2011-05-25,0.000478116,-0.0006642950248992863,-0.0007037812443529967
2011-05-26,0.000713466,1.7409128856948897e-05,-2.207709059676155e-05
2011-05-27,0.003176359,0.001513603139807529,0.0014741169203538185
2011-05-30,-0.00238185,0.0006518193963103158,0.0005333560604028342
2011-05-31,0.01197969,0.0073068915433069925,0.007267405323853282
2011-06-01,-0.007504516,-0.0011330119475316813,-0.0011724981669853918
2011-06-02,0.0,0.0,-3.948621945371045e-05
2011-06-03,-0.012532955,-0.006711096686858875,-0.0067505829063125855
2011-06-06,-0.00643241,-0.0035753585118993847,-0.0036938218478068663
2011-06-07,-0.006305254,-0.003586790898982173,-0.0036262771184358833
2011-06-08,-0.011832594,-0.008243338575759207,-0.008282824795212917
2011-06-09,0.002479593,0.0021690156871374544,0.002129529467683744
2011-06-10,-0.011542812,-0.0068273864443473276,-0.006866872663801038
2011-06-13,0.0,0.0,-0.00011846333590748159
2011-06-14,0.007300255,0.006230105836012356,0.006190619616558646
2011-06-15,-0.008753877,-0.006214833711846501,-0.006254319931300212
2011-06-16,-0.008157262,-0.009007455048096857,-0.009046941267550568
2011-06-17,-0.001254532,0.0015829160683147325,0.001543429848861022
2011-06-20,-0.006383295,-0.006030664115252993,-0.006149127451160474
2011-06-21,0.009920851,0.004313705928959521,0.004274219709505811
2011-06-22,-0.007221007,-0.0023270318887687047,-0.002366518108222415
2011-06-23,-0.019946187,-0.012951711886304618,-0.012991198105758328
2011-06-24,0.00070405,-0.0012327166299529457,-0.0012722028494066562
2011-06-27,-0.00241167,-0.0032496755168422986,-0.00336813885274978
2011-06-28,0.002806482,0.0032027171834214663,0.003163230963967756
2011-06-29,0.015992416,0.0091580797295856,0.00911859351013189
2011-06-30,0.014143959,0.01192451309145981,0.0118850268720061
2011-07-01,0.00826282,0.0066769077160038215,0.006637421496550111
2011-07-04,0.002665983,0.003468985652885559,0.0033505223169780773
2011-07-05,-0.00106843,-0.00029075377809584246,-0.0003302399975495529
2011-07-06,-0.010300299,-0.005066902249135197,-0.005106388468588907
2011-07-07,0.005069102,0.0036581047764732144,0.003618618557019504
2011-07-08,-0.008735123,-0.0015536968168757825,-0.001593183036329493
2011-07-11,-0.017726662,-0.014335367764040097,-0.014453831099947578
2011-07-12,-0.005717564,-0.0037813491229707896,-0.0038208353424245
2011-07-13,0.00220503,0.0002275497585029207,0.00018806353904921025
2011-07-14,-0.008179826,-0.0036024726881156433,-0.0036419589075693537
2011-07-15,-0.008118083,-0.006338449125983803,-0.006377935345437513
2011-07-18,-0.019310049,-0.013848200392284848,-0.01396666372819233
2011-07-19,0.010897465,0.008692855855547021,0.008653369636093311
2011-07-20,0.011603526,0.003638164386524867,0.0035986781670711565
2011-07-21,0.01249673,0.006546528859815437,0.0065070426403617265
2011-07-22,1.26e-05,0.001118690995886018,0.0010792047764323076
2011-07-25,-0.003048092,-0.004241238289499183,-0.0043597016254066645
2011-07-26,-0.002781936,0.0009941316267167988,0.0009546454072630883
2011-07-27,-0.01419565,-0.008458269400947183,-0.008497755620400893
2011-07-28,-0.006336325,-0.00434762715304593,-0.00438711337249964
2011-07-29,-0.013814702,-0.006473217453272451,-0.006512703672726161
2011-07-31,0.0,0.0,-0.00032295610713437006
2011-08-01,0.0,0.0,-3.948621945371045e-05
2011-08-02,-0.040741612,-0.02722883090717476,-0.027268317126628472
2011-08-03,-0.013459792,-0.010090217081761166,-0.010129703301214876
2011-08-04,-0.036781399,-0.020816592669517187,-0.020856078888970897
2011-08-05,-0.021136208,-0.023837767217291583,-0.023877253436745294
2011-08-08,-0.041129452,-0.031218755273538012,-0.031337218609445494
2011-08-09,0.00510581,-0.00133888508346236,-0.0013783713029160705
2011-08-10,-0.03841627,-0.01764232255540199,-0.0176818087748557
2011-08-11,0.0460347,0.020803869909511885,0.020764383690058175
2011-08-12,0.043151823,0.03215148164100423,0.03211199542155052
2011-08-15,0.015512539,0.014997343750737357,0.014878880414829876
2011-08-16,0.005514812,-0.00023033120620552516,-0.0002698174256592356
2011-08-17,0.007005787,0.0040584945829265084,0.004019008363472798
2011-08-18,-0.041464488,-0.021869966800478147,-0.021909453019931857
2011-08-19,-0.018152395,-0.010592475222838016,-0.010631961442291726
2011-08-22,0.008523309,0.007189506265951051,0.0070710429300435695
2011-08-23,0.015249041,0.00960102532520768,0.009561539105753969
2011-08-24,0.019752416,0.01192231526263754,0.011882829043183829
2011-08-25,-0.004422021,-0.0015413590302266744,-0.0015808452496803849
2011-08-26,0.004105895,0.0026267094178105133,0.002587223198356803
2011-08-29,0.024551148,0.0208694962854723,0.020751032949564818
2011-08-30,0.001603701,0.0015623951920302748,0.0015229089725765643
2011-08-31,0.015667367,0.011554521977902965,0.011515035758449255
2011-09-01,-0.001829931,-0.006866937929507877,-0.006906424148961587
2011-09-02,-0.02994764,-0.015588197610991061,-0.015627683830444772
2011-09-05,-0.040524095,-0.02667137752046378,-0.02678984085637126
2011-09-06,0.040413041,0.024432612391145803,0.024393126171692092
2011-09-07,0.026273194,0.02310585086405803,0.02306636464460432
2011-09-08,0.005047047,0.004588811129745851,0.004549324910292141
2011-09-09,-0.017254154,-0.007607588528906528,-0.007647074748360239
2011-09-12,-0.023174304,-0.01688579011588598,-0.01700425345179346
2011-09-13,0.009553784,0.004670722655978121,0.004631236436524411
2011-09-14,0.01140647,0.005560023568585759,0.005520537349132049
2011-09-15,0.004622593,0.008778137969696065,0.008738651750242354
2011-09-16,0.004885754,0.007482719794577264,0.0074432335751235534
2011-09-19,-0.017326141,-0.01181711310733291,-0.011935576443240392
2011-09-20,0.01879604,0.010875323454709207,0.010835837235255497
2011-09-21,-0.000252647,-0.0016834240595607897,-0.0017229102790145001
2011-09-22,-0.035309361,-0.02145158848329709,-0.0214910747027508
2011-09-23,0.000609163,-0.0046865702963817535,-0.004726056515835464
2011-09-26,0.017711067,0.010829436346595056,0.010710973010687574
2011-09-27,0.031224671,0.018255559664058785,0.018216073444605074
2011-09-28,-0.003050887,-0.0004257821672847273,-0.00046526838673843773
2011-09-29,0.009003928,0.004456283099319336,0.004416796879865625
2011-09-30,-0.014654826,-0.006920127175465307,-0.0069596133949190175
2011-10-03,-0.007256624,-0.0037911086835169527,-0.003909572019424434
2011-10-04,-0.011128482,-0.011972284255729049,-0.01201177047518276
2011-10-05,0.012014682,0.006081245028990434,0.006041758809536724
2011-10-06,0.024294965,0.015531809015282283,0.015492322795828573
2011-10-07,0.00318762,0.004096607041474076,0.004057120822020366
2011-10-10,0.011428404,0.005570467013048752,0.0054520036771412705
2011-10-11,0.002071823,-0.00020661792101062115,-0.0002461041404643316
2011-10-12,0.00912922,0.003417385927422245,0.0033778997079685347
2011-10-13,-0.01103999,-0.0012844963008862287,-0.0013239825203399391
2011-10-14,0.008687242,0.009204271999833535,0.009164785780379825
2011-10-17,-0.006508699,-0.0050060632780578596,-0.005124526613965341
2011-10-18,-0.006230914,-0.005392168104040862,-0.0054316543234945724
2011-10-19,0.003873093,6.000023575469804e-05,2.0514016300987592e-05
2011-10-20,-0.008772745,-0.007368018749550176,-0.007407504969003886
2011-10-21,0.017169828,0.010222778994487314,0.010183292775033603
2011-10-24,0.008186686,0.006213806403211564,0.006095343067304082
2011-10-25,-0.013086364,-0.010568224301062301,-0.010607710520516012
2011-10-26,-0.001244019,-0.003394803013663905,-0.0034342892331176156
2011-10-27,0.022922315,0.01059354621624764,0.01055405999679393
2011-10-28,0.003854969,0.000644384274643528,0.0006048980551898175
2011-10-31,-0.019853389,-0.007910673756026498,-0.00831225324861684
2011-11-01,-0.025754474,-0.014284569744068887,-0.014324055963522597
2011-11-02,0.004334657,0.0003215125442157518,0.00028202632476204137
2011-11-03,0.012163484,0.007028341963940532,0.0069888557444868216
2011-11-04,-0.001563432,-0.0012786400715523172,-0.0013181262910060276
2011-11-07,-0.002000524,-0.001079244633829024,-0.0011977079697365056
2011-11-08,0.006243025,0.0035753580728903334,0.003535871853436623
2011-11-09,-0.013502208,-0.004561959382529124,-0.004601445601982834
2011-11-10,-0.007264615,-0.003497372717933933,-0.0035368589373876436
2011-11-11,0.015324121,0.008939911751728813,0.008900425532275102
2011-11-14,0.000948282,-0.0044182977675151225,-0.004536761103422604
2011-11-15,-0.000782368,-0.002357243429771505,-0.0023967296492252155
2011-11-16,0.002620944,-0.0025339406592692626,-0.002573426878722973
2011-11-17,-0.007410149,-0.00666389870705375,-0.006703384926507461
2011-11-18,-0.006050076,-0.0018813833073236808,-0.0019208695267773912
2011-11-21,-0.02459509,-0.010348074944577679,-0.01046653828048516
2011-11-22,-0.005310066,-0.0020464139611082732,-0.0020859001805619837
2011-11-23,-0.012049388,-0.006744313988805706,-0.006783800208259416
2011-11-24,-0.004506009,-0.008510240973376826,-0.008549727192830536
2011-11-25,0.006109309,0.00024340033122327576,0.0002039141117695653
2011-11-28,0.024677567,0.01378484376300837,0.013666380427100888
2011-11-29,0.001589311,-0.0010633887809279319,-0.0011028750003816423
2011-11-30,0.022902787,0.017045075194663584,0.017005588975209873
2011-12-01,0.003533211,-0.0002593077082708728,-0.00029879392772458324
2011-12-02,0.007150292,0.001449122652431356,0.0014096364329776456
2011-12-05,0.004789579,0.0037725789153619793,0.0036541155794544977
2011-12-06,0.003260348,0.002985277233021222,0.0029457910135675114
2011-12-07,-0.000109026,0.0025399682480700125,0.002500482028616302
2011-12-08,-0.006528909,-0.0030822551393897557,-0.003121741358843466
2011-12-09,0.008945987,0.002552857247462903,0.0025133710280091925
2011-12-12,-0.009399124,-0.004352982123350668,-0.00447144545925815
2011-12-13,0.002167379,-0.0013412502691120265,-0.001380736488565737
2011-12-14,-0.009627344,-0.007251269275745709,-0.007290755495199419
2011-12-15,0.009394829,0.0038781315385107984,0.003838645319057088
2011-12-16,-0.007399758,-0.0037203063807008663,-0.0037597926001545767
2011-12-19,0.004827876,0.00553561606164088,0.0054171527257333985
2011-12-20,0.007760368,0.008247878104439499,0.008208391884985788
2011-12-21,0.000197059,0.0009952632261724936,0.0009557770067187832
2011-12-22,0.00649019,0.008322130502314007,0.008282644282860296
2011-12-23,0.008956977,0.004792867193764261,0.00475338097431055
2011-12-26,0.0,0.0,-0.00011846333590748159
2011-12-27,-0.001290274,-0.0004197256822980888,-0.00045921190175179927
2011-12-28,0.000528093,-0.000833912340324372,-0.0008733985597780825
2011-12-29,0.000884088,0.0009131473151235969,0.0008736610956698865
2011-12-30,0.006390324,0.0033769094785138787,0.0033374232590601682
2011-12-31,0.0,0.0,-3.948621945371045e-05
2012-01-02,0.0,0.0,-7.897399806910954e-05
2012-01-03,0.020445324,0.016015208215557353,0.015975721996103642
2012-01-04,0.00069506,-0.001254246311910956,-0.0012937325313646664
2012-01-05,-0.006297008,-0.009169668428354538,-0.009209154647808249
2012-01-06,-0.002048984,-0.0029659200946491326,-0.003005406314102843
2012-01-09,-0.003832869,-0.001866143848252677,-0.0019846071841601587
2012-01-10,0.010613411,0.005306982275578687,0.005267496056124976
2012-01-11,-0.006364317,-0.006452961767280052,-0.0064924479867337626
2012-01-12,0.002774858,0.0035398759947007363,0.003500389775247026
2012-01-13,-0.003045371,-0.0007749177356669579,-0.0008144039551206683
2012-01-16,0.0053831,0.001613435164078858,0.0014949718281713764
2012-01-17,0.004615376,0.0032828268483946488,0.0032433406289409383
2012-01-18,0.009252381,0.004962444586177783,0.004922958366724073
2012-01-19,0.013081493,0.004028942649411338,0.003989456429957627
2012-01-20,-0.010863672,-0.004009676088415848,-0.004049162307869558
2012-01-23,0.001655318,0.0017565430355057643,0.0016380796995982827
2012-01-24,0.000400954,-0.0017333535417278778,-0.0017728397611815883
2012-01-25,-0.009081045,-0.004581765903206136,-0.004621252122659847
2012-01-26,0.004786188,0.001541754242761595,0.0015022680233078844
2012-01-27,-0.009265673,-0.003302228288287523,-0.0033417145077412336
2012-01-30,-0.010906169,-0.006680277213118924,-0.006798740549026405
2012-01-31,0.001519163,0.003320160107224357,0.003079271565579805
2012-02-01,0.016395381,0.012358855233963073,0.012319369014509363
2012-02-02,1.82e-06,8.24601086404364e-05,4.2973889186725955e-05
2012-02-03,0.014298569,0.005618031921533317,0.005578545702079607
2012-02-06,-0.000772414,0.004052188545771829,0.003933725209864347
2012-02-07,0.001698472,0.0026901543346475876,0.002650668115193877
2012-02-08,-0.000254249,-0.0001450850703204054,-0.00018457128977411585
2012-02-09,0.001948546,0.00040720378647440825,0.0003677175670206978
2012-02-10,-0.005773497,-0.001902088244496336,-0.0019415744639500465
2012-02-13,0.006763474,0.0007425585717846239,0.0006240952358771423
2012-02-14,-0.001792905,-0.0008823735776919417,-0.0009218597971456521
2012-02-15,0.005864242,0.0017003370394230721,0.0016608508199693617
2012-02-16,0.001742969,0.0013108338090319638,0.0012713475895782533
2012-02-17,0.003760393,0.0013620681338384344,0.001322581914384724
2012-02-20,0.001931523,0.0019492659340514251,0.0018308025981439435
2012-02-21,-0.002791072,-0.00033303894819181057,-0.000372525167645521
2012-02-22,-0.007003406,-0.005459089487991231,-0.0054985757074449415
2012-02-23,0.000750563,-0.0016391216796296515,-0.001678607899083362
2012-02-24,-0.001206058,0.0018569323286419248,0.0018174461091882144
2012-02-27,0.000649239,-0.0005928992179529136,-0.0007113625538603952
2012-02-28,-0.00288938,-0.0035615753112755444,-0.003601061530729255
2012-02-29,-0.001728641,0.0008234410023566507,0.0007839547829029403
2012-03-01,0.002524927,0.0012167384584425012,0.0011772522389887907
2012-03-02,0.004244055,0.003064953984587282,0.0030254677651335715
2012-03-05,-0.000366406,-0.00011177266133455266,-0.00023023599724203425
2012-03-06,-0.018254059,-0.01609876477863048,-0.01613825099808419
2012-03-07,0.008973218,0.0067557340397634835,0.006716247820309773
2012-03-08,0.01429485,0.006072682667411566,0.006033196447957856
2012-03-09,0.006138185,0.005541296750616542,0.005501810531162832
2012-03-12,-0.000962811,0.0017040492808966246,0.001585585944989143
2012-03-13,0.011286495,0.006174824226428566,0.006135338006974855
2012-03-14,0.00580501,0.001847901934588947,0.0018084157151352365
2012-03-15,0.00503188,0.0008620923938111869,0.0008226061743574764
2012-03-16,0.002044038,0.003037257326306664,0.0029977711068529533
2012-03-19,-0.001558281,0.0010449001539050151,0.0009264368179975335
2012-03-20,-0.005328129,0.00046448919579367143,0.000425002976339961
2012-03-21,-0.00118633,-0.0008792542937724468,-0.0009187405132261572
2012-03-22,-0.007712501,-0.0059756185071419,-0.00601510472659561
2012-03-23,-0.000885933,0.0017650542310365669,0.0017255680115828564
2012-03-26,0.007403314,0.004897800072633185,0.004779336736725703
2012-03-27,-0.001833321,0.0030384708619204392,0.002998984642466729
2012-03-28,-0.003970794,-0.0033277018471977726,-0.003367188066651483
2012-03-29,-0.011436005,-0.006785154013255301,-0.006824640232709012
2012-03-30,0.009649966,0.0077890232647164215,0.007749537045262711
2012-03-31,0.0,0.0,-3.948621945371045e-05
2012-04-02,0.012482964,0.00903457915079775,0.00895560515272864
2012-04-03,-0.005185636,-0.0005817872993610917,-0.0006212735188148022
2012-04-04,-0.015009215,-0.008532141260934045,-0.008571627480387756
2012-04-05,-7.05e-05,0.00010182977727368758,6.234355781997714e-05
2012-04-06,0.0,0.0,-3.948621945371045e-05
2012-04-09,0.0,0.0,-0.00011846333590748159
2012-04-10,-0.0166234,-0.00689298423342477,-0.006932470452878481
2012-04-11,0.000355089,-0.00064392853822548,-0.0006834147576791905
2012-04-12,0.011287119,0.006636879959675657,0.006597393740221946
2012-04-13,-0.008092537,-0.003334154148456281,-0.0033736403679099913
2012-04-16,0.00580482,-0.0007222301348084326,-0.0008406934707159142
2012-04-17,0.01377618,0.007800663701065469,0.0077611774816117585
2012-04-18,-0.00370704,-0.0012961263689590385,-0.001335612588412749
2012-04-19,0.004519537,0.002051148717547857,0.0020116624980941467
2012-04-20,0.004891504,0.003661683866307275,0.0036221976468535644
2012-04-23,-0.01201151,-0.004425376489482158,-0.0045438398253896395
2012-04-24,0.002751852,9.317652805962418e-05,5.369030860591373e-05
2012-04-25,0.005845711,0.008813439638543308,0.008773953419089597
2012-04-26,-0.002369817,-0.0005816212960247924,-0.0006211075154785028
2012-04-27,0.0,0.002649435410904344,0.0026099491914506334
2012-04-30,-0.001190353,0.0030675925157948036,0.0027682248579710745
2012-05-01,0.0,0.0,-3.948621945371045e-05
2012-05-02,0.001906133,0.004305479893684572,0.004265993674230861
2012-05-03,-0.001103664,-0.000943062062220057,-0.0009825482816737674
2012-05-04,-0.008151583,-0.004191133036752337,-0.004230619256206047
2012-05-07,-0.000908853,0.002426964429181888,0.0023085010932744066
2012-05-08,-0.011029425,-0.005400222090664042,-0.005439708310117752
2012-05-09,-0.006556884,-0.009327154591660003,-0.009366640811113713
2012-05-10,-0.000794397,0.0007525134139503287,0.0007130271944966182
2012-05-11,0.004714285,0.005709199399126286,0.005669713179672575
2012-05-14,-0.013880914,-0.011156972435978907,-0.011275435771886388
2012-05-15,-0.002985938,-0.0022970651052209856,-0.002336551324674696
2012-05-16,0.001739257,7.572530851041037e-05,3.6239089056699925e-05
2012-05-17,0.0,0.0,-3.948621945371045e-05
2012-05-18,-0.012592733,-0.006514704979894925,-0.006554191199348636
2012-05-21,0.003297194,-0.0003053331257204528,-0.0004237964616279344
2012-05-22,0.015565605,0.00782726455163485,0.007787778332181139
2012-05-23,-0.015348761,-0.006066211927801657,-0.006105698147255367
2012-05-24,0.005587116,0.004087373732449828,0.004047887512996118
2012-05-25,0.001750218,0.002649582449692822,0.0026100962302391117
2012-05-28,0.0,0.0,-0.00011846333590748159
2012-05-29,0.008848992,0.0050091933594687,0.0049697071400149895
2012-05-30,-0.003874461,-0.0014127072031517862,-0.0014521934226054967
2012-05-31,-0.008803674,-0.0006774610696840266,-0.0007169472891377371
2012-06-01,-0.012771121,-0.005561134045428906,-0.0056006202648826164
2012-06-04,-0.011254312,-0.008727630195949798,-0.00884609353185728
2012-06-05,0.000775476,-0.0005622225719388307,-0.0006017087913925412
2012-06-06,0.018754608,0.010734648912420486,0.010695162692966775
2012-06-07,0.008571139,0.007622905664377955,0.007583419444924244
2012-06-08,-0.000978747,0.0007800836568911951,0.0007405974374374846
2012-06-11,0.000504475,-0.001288014194710141,-0.0014064775306176225
2012-06-12,0.006123728,0.00011008756400676667,7.060134455305622e-05
2012-06-13,0.004517632,0.00871802223130902,0.008678536011855309
2012-06-14,-0.006594134,-0.0005491642611682446,-0.000588650480621955
2012-06-15,0.001408371,-0.0004405239722987675,-0.00048001019175247794
2012-06-18,0.00398659,0.0013169750182873141,0.0011985116823798325
2012-06-19,0.015249602,0.009705981346152859,0.009666495126699148
2012-06-20,-0.001123065,-0.001537743111750589,-0.0015772293312042995
2012-06-21,-0.001652583,-0.0025929267124842337,-0.002632412931937944
2012-06-22,-0.004692452,-0.0015344538890085246,-0.001573940108462235
2012-06-25,-0.008209647,-0.0043427183186228735,-0.004461181654530355
2012-06-26,0.001088348,-0.001399572720943154,-0.0014390589403968645
2012-06-27,0.006629716,0.003886568065659457,0.0038470818462057466
2012-06-28,-0.002318147,-0.0015528675243481338,-0.0015923537438018442
2012-06-29,0.014658071,0.01204754592401569,0.01200805970456198
2012-06-30,0.0,0.0,-3.948621945371045e-05
2012-07-02,0.006997712,0.003567012185967444,0.0034880381878983346
2012-07-03,0.013862912,0.006572755897519711,0.0065332696780660005
2012-07-04,0.001123218,-0.0006542447718574929,-0.0006937309913112033
2012-07-05,0.0001511,0.0005133700408710418,0.0004738838214173313
2012-07-06,-0.003879375,0.00037154475964373823,0.0003320585401900278
2012-07-09,-0.003772453,-0.0010745173443896805,-0.001192980680297162
2012-07-10,0.005155144,0.001798918216077805,0.0017594319966240946
2012-07-11,-0.003097069,-0.0018930276991415695,-0.00193251391859528
2012-07-12,-0.005785535,-0.0067609189187690655,-0.006800405138222776
2012-07-13,0.005255374,0.0035788657087130193,0.003539379489259309
2012-07-16,0.001887076,0.0008729296149534438,0.0007544662790459622
2012-07-17,0.00203525,0.0017319485399884815,0.001692462320534771
2012-07-18,0.010251305,0.0057909531506694645,0.005751466931215754
2012-07-19,0.009707968,0.00829446658364752,0.008254980364193809
2012-07-20,-0.006307948,-0.006336456331432316,-0.006375942550886027
2012-07-23,-0.017119142,-0.012539355227303095,-0.012657818563210577
2012-07-24,-0.000143252,-0.001555577737998859,-0.0015950639574525693
2012-07-25,8.21e-05,0.0007555112997907898,0.0007160250803370793
2012-07-26,0.014544432,0.010218323555586162,0.010178837336132451
2012-07-27,0.012827423,0.0036206775196760965,0.003581191300222386
2012-07-30,0.006227918,0.004957245375470487,0.0048387820395630055
2012-07-31,-0.000486634,0.00016221778489278194,-0.00032075907893520895
2012-08-01,0.0,0.0,-3.948621945371045e-05
2012-08-02,-0.000733687,-0.00016973779060980299,-0.00020922401006351343
2012-08-03,0.008795481,0.004604006802778615,0.004564520583324905
2012-08-06,0.001677014,0.0021043327732233053,0.0019858694373158237
2012-08-07,-0.000157375,-0.001617407823334971,-0.0016568940427886814
2012-08-08,0.000361685,-0.00047858557878943664,-0.0005180717982431471
2012-08-09,0.007001774,0.002965364207480947,0.0029258779880272368
2012-08-10,-0.003600381,-0.0029121656722554956,-0.002951651891709206
2012-08-13,-0.003216351,-0.0025028666376671893,-0.002621329973574671
2012-08-14,0.006056813,0.00432621183765769,0.004286725618203979
2012-08-15,8.98e-05,-0.0008480229259647531,-0.0008875091454184636
2012-08-16,0.001453803,-0.0014082887814315104,-0.0014477750008852208
2012-08-17,0.002119404,-0.0032697335690174967,-0.003309219788471207
2012-08-20,-0.003117686,-0.0018467615402906201,-0.0019652248761981017
2012-08-21,0.00162773,-0.0009135326064927396,-0.00095301882594645
2012-08-22,-0.00650864,-0.006241539505005722,-0.0062810257244594325
2012-08-23,-0.003378395,-0.0024934333227595307,-0.002532919542213241
2012-08-24,0.002432576,0.0009633438327560917,0.0009238576133023813
2012-08-27,0.002458449,0.0005930620694682975,0.00047459873356081594
2012-08-28,-0.010393588,-0.004930357112202466,-0.004969843331656176
2012-08-29,8.6e-05,0.0008007268491612152,0.0007612406297075047
2012-08-30,-0.006712416,-0.004406033548371768,-0.004445519767825479
2012-08-31,0.001910913,-0.0008581566562836374,-0.0008976428757373478
2012-09-03,0.007579954,0.004713339736979849,0.0045948764010723675
2012-09-04,-0.010901945,-0.005896340911036524,-0.005935827130490234
2012-09-05,0.008688514,0.003067122522760757,0.0030276363033070464
2012-09-06,0.015747925,0.009569089886193316,0.009529603666739606
2012-09-07,0.002823392,-0.0011019090878472415,-0.001141395307300952
2012-09-10,-0.003379524,-0.003402744756513476,-0.0035212080924209577
2012-09-11,-0.000448148,-0.00087027500009218,-0.0009097612195458904
2012-09-12,-0.000820312,0.00024377151092203064,0.0002042852914683202
2012-09-13,0.003583086,0.0018074662540847886,0.0017679800346310781
2012-09-14,0.008616064,0.003376704171075273,0.0033372179516215628
2012-09-17,-0.00140541,-0.0015488396857424869,-0.0016673030216499685
2012-09-18,-0.003482298,-0.0033478888424061104,-0.003387375061859821
2012-09-19,0.004114826,0.004899042901696626,0.004859556682242916
2012-09-20,-0.002346388,-0.000660360296946938,-0.0006998465164006484
2012-09-21,0.006579738,0.0018358750400799817,0.0017963888206262713
2012-09-24,-0.0016395,0.0012879023163476777,0.0011694389804401961
2012-09-25,0.001833945,0.000978979811836922,0.0009394935923832115
2012-09-26,-0.011184745,-0.0034549153016603107,-0.003494401521114021
2012-09-27,0.001416182,0.002711501219174295,0.0026720149997205844
2012-09-28,-0.006948643,-0.00167744563942418,-0.0017169318588778903
2012-09-30,0.0,0.0,-7.897399806910954e-05
2012-10-01,0.016767816,0.00738903569565208,0.007349549476198369
2012-10-02,0.000505587,0.002969755849730804,0.0029302696302770936
2012-10-03,-0.001800549,-0.0006581421484844752,-0.0006976283679381856
2012-10-04,0.003409357,5.543118002382386e-07,-3.893190765347221e-05
2012-10-05,0.006201221,0.007076359466454019,0.007036873247000308
2012-10-08,-0.003221054,-0.0025869102103949215,-0.002705373546302403
2012-10-09,-0.00103537,-0.0019356094664378931,-0.0019750956858916036
2012-10-10,-0.003578663,-0.0031121508315371527,-0.003151637050990863
2012-10-11,0.004020012,0.0029995827241957596,0.002960096504742049
2012-10-12,3.09e-05,0.0010696136961823033,0.0010301274767285928
2012-10-15,0.006328207,0.0028869890784801733,0.0027685257425726917
2012-10-16,0.010241129,0.008994310913831294,0.008954824694377583
2012-10-17,0.002158204,0.0034278597420300816,0.003388373522576371
2012-10-18,-0.000289379,-0.00306321050609637,-0.0031026967255500804
2012-10-19,-0.003999706,-0.0022948960507810368,-0.002334382270234747
2012-10-22,-0.001380872,-0.00042173333768980026,-0.0005401966735972819
2012-10-23,-0.017130408,-0.009537929280929447,-0.009577415500383157
2012-10-24,0.000350084,0.0023320252492837756,0.002292539029830065
2012-10-25,-0.002861839,-0.0007584421741385627,-0.0007979283935922732
2012-10-26,-6.23e-05,0.0012271988924170696,0.0011877126729633591
2012-10-29,-0.000526482,-0.000844368954022845,-0.0009628322899303265
2012-10-30,0.004704736,0.0017970388726669118,0.0017575526532132013
2012-10-31,-0.005540193,0.0013725148017442734,0.001063243678167102
2012-11-01,0.009721431,0.002502755091686515,0.0024632688722328044
2012-11-02,0.006075344,0.0029752387032422334,0.002935752483788523
2012-11-05,-3.07e-05,-0.0017731251047391483,-0.00189158844064663
2012-11-06,0.005544094,0.0016307406193711849,0.0015912543999174744
2012-11-07,-0.007446235,-0.0030570956100354207,-0.003096581829489131
2012-11-08,0.001548695,-0.001502167244007535,-0.0015416534634612455
2012-11-09,0.000132632,-0.0014735912650210015,-0.001513077484474712
2012-11-12,-0.003338013,-0.0036496708218090035,-0.003768134157716485
2012-11-13,0.002292834,0.001073594567004621,0.0010341083475509105
2012-11-14,-0.006582686,-0.004351074433037394,-0.0043905606524911045
2012-11-15,-0.014300498,-0.006888229852738292,-0.006927716072192003
2012-11-16,-0.009541366,-0.005849381497202266,-0.005888867716655977
2012-11-19,0.020176307,0.014931424726861042,0.01481296139095356
2012-11-20,-0.00257872,-0.0023177055649892253,-0.0023571917844429358
2012-11-21,0.003436793,0.002675163201719455,0.0026356769822657444
2012-11-22,0.005278947,0.005513221891007225,0.005473735671553515
2012-11-23,0.005300014,0.0012906862996797663,0.0012512000802260559
2012-11-26,-0.00494368,-0.003590063567521007,-0.0037085269034284885
2012-11-27,0.004212275,0.0023495550539647247,0.0023100688345110143
2012-11-28,0.005641916,0.0034457924970654474,0.003406306277611737
2012-11-29,0.009972907,0.0062050657763008665,0.006165579556847156
2012-11-30,0.000250248,0.006550026048193658,0.006510539828739947
2012-12-03,0.002320189,-0.00045437766824885095,-0.0005728410041563325
2012-12-04,0.001953923,-0.0015908409557291447,-0.0016303271751828552
2012-12-05,0.00053156,0.0033338377239104933,0.003294351504456783
2012-12-06,0.008387849,0.003880075298638763,0.0038405890791850528
2012-12-07,0.001948591,0.002325380293412005,0.0022858940739582945
2012-12-10,0.002465927,-0.0018001727900026632,-0.0019186361259101448
2012-12-11,0.003808009,0.0019482224637579204,0.00190873624430421
2012-12-12,-0.002032489,-0.001084923080540534,-0.0011244092999942445
2012-12-13,-0.005542504,-0.0022031867692241525,-0.002242672988677863
2012-12-14,-0.002069983,-0.0018863265893850345,-0.001925812808838745
2012-12-17,-0.0004788,-0.004238106082958271,-0.004356569418865752
2012-12-18,0.002809573,0.0034685124521747213,0.003429026232721011
2012-12-19,0.004770592,0.00016313000610668205,0.0001236437866529716
2012-12-20,-0.004026993,-0.00021715406129141357,-0.000256640280745124
2012-12-21,-0.003765349,-0.0044303950496586975,-0.004469881269112408
2012-12-24,0.0,0.0,-0.00011846333590748159
2012-12-25,0.0,0.0,-3.948621945371045e-05
2012-12-26,0.0,0.0,-3.948621945371045e-05
2012-12-27,-0.003243693,-0.0010530078796598952,-0.0010924940991136056
2012-12-28,-0.005300409,-0.002728996174815368,-0.0027684823942690784
2012-12-31,0.0,0.0,-0.00011846333590748159
2013-01-01,0.0,0.0,-3.948621945371045e-05
2013-01-02,0.0,0.0,-3.948621945371045e-05
2013-01-03,0.028590641,0.015767211091624267,0.015727724872170556
2013-01-04,0.005766285,0.004319889045524716,0.004280402826071006
2013-01-07,-0.000862058,-0.0019009222143939741,-0.0020193855503014557
2013-01-08,0.003003659,0.0014055970452513389,0.0013661108257976284
2013-01-09,0.010443756,0.006577109384549251,0.006537623165095541
2013-01-10,-0.000924168,0.0012261368319128607,0.0011866506124591503
2013-01-11,0.005481787,0.0007214920929545787,0.0006820058735008683
2013-01-14,0.002261428,-0.0022298508468708844,-0.002348314182778366
2013-01-15,0.008457077,0.004042009738329355,0.004002523518875645
2013-01-16,0.003682674,0.0004181710196207167,0.00037868480016700623
2013-01-17,0.016482936,0.011143860554128748,0.011104374334675038
2013-01-18,-0.007065507,-0.0034357952654154866,-0.003475281484869197
2013-01-21,-0.003927476,-0.002931326836000503,-0.0030497901719079845
2013-01-22,-0.006056638,-0.0051791301628052455,-0.005218616382258956
2013-01-23,0.012474703,0.007470678470084202,0.007431192250630492
2013-01-24,0.008195358,0.004023373341668579,0.003983887122214869
2013-01-25,0.00074747,0.004259101144987731,0.004219614925534021
2013-01-28,0.003164165,0.0021352479959568793,0.0020167846600493977
2013-01-29,-0.004081971,-0.004114312702411249,-0.00415379892186496
2013-01-30,-0.008650057,-0.005178901579625084,-0.005218387799078794
2013-01-31,1.91e-05,0.0008397474230810165,0.0003277566052271941
2013-02-01,0.005149203,0.0064642087231316925,0.006424722503677982
2013-02-04,-0.007215329,-0.006272462559617442,-0.006390925895524924
2013-02-05,0.005307655,0.005707615761907814,0.005668129542454103
2013-02-06,0.003541289,0.00020598386307901784,0.0001664976436253074
2013-02-07,-0.011652914,-0.007644054312450188,-0.0076835405319038985
2013-02-08,0.007946059,0.005054515042082652,0.005015028822628942
2013-02-11,0.00133789,0.0008379241270357607,0.0007194607911282791
2013-02-12,0.002145684,0.0020849386436647688,0.0020454524242110583
2013-02-13,0.007902859,0.00580234802801094,0.005762861808557229
2013-02-14,0.000515466,-0.0024543345606927724,-0.002493820780146483
2013-02-15,0.002422168,0.0032612328669889834,0.003221746647535273
2013-02-18,-0.000558836,-0.002281310354232624,-0.0023997736901401057
2013-02-19,0.010163182,0.007390153935742605,0.0073506677162888945
2013-02-20,0.005133713,0.00452873678457455,0.004489250565120839
2013-02-21,-0.015011463,-0.008624945519018712,-0.008664431738472422
2013-02-22,0.006196327,0.0055593079280573665,0.005519821708603656
2013-02-25,0.004627984,0.0015553401198329375,0.001436876783925456
2013-02-26,-0.012034641,-0.005214936096582412,-0.0052544223160361225
2013-02-27,0.005097875,0.005566353709965499,0.005526867490511789
2013-02-28,0.013614365,0.012814274522302993,0.012774788302849283
2013-03-01,0.00036159,0.002043495563923914,0.0020040093444702034
2013-03-04,-0.001879873,-0.0017400089612525926,-0.0018584722971600742
2013-03-05,0.016542959,0.01014302088763852,0.01010353466818481
2013-03-06,-0.002530193,-0.004040885957632412,-0.004080372177086122
2013-03-07,0.006345747,0.0043667493433912075,0.004327263123937497
2013-03-08,0.004176343,0.0028571498742471224,0.002817663654793412
2013-03-11,0.001394209,0.0002471880198644527,0.00012872468395697112
2013-03-12,0.00511332,0.0026631477902541167,0.0026236615708004063
2013-03-13,-0.002719221,-0.002789177287980338,-0.0028286635074340483
2013-03-14,0.008070396,0.008247982358930095,0.008208496139476384
2013-03-15,0.002499917,0.0012063421013097653,0.0011668558818560548
2013-03-18,-0.004169856,-0.0025146866110932198,-0.0026331499470007014
2013-03-19,-0.005457285,-0.002614171741446958,-0.0026536579609006683
2013-03-20,0.006967758,0.003640166141243517,0.0036006799217898067
2013-03-21,-0.010067793,-0.003810572131206058,-0.0038500583506597685
2013-03-22,-0.003271965,-0.004100082218430168,-0.004139568437883878
2013-03-25,0.001980775,0.0010108111864708391,0.0008923478505633575
2013-03-26,0.005236381,0.0023808002816265716,0.002341314062172861
2013-03-27,-0.002305624,-8.083189561924886e-05,-0.00012031811507295931
2013-03-28,0.00475923,0.007172483018885956,0.007132996799432245
2013-03-29,0.0,0.0,-3.948621945371045e-05
2013-03-31,0.0,0.0,-7.897399806910954e-05
2013-04-01,0.0,0.0,-3.948621945371045e-05
2013-04-02,0.010159509,0.006002273357627708,0.005962787138173997
2013-04-03,-0.00307091,-0.001966120801676796,-0.0020056070211305066
2013-04-04,-0.013693729,-0.009015718247817772,-0.009055204467271483
2013-04-05,-0.015496151,-0.014504603984903053,-0.014544090204356763
2013-04-08,0.008983228,0.004915274204459585,0.004796810868552104
2013-04-09,-0.004497099,-0.00146508976830928,-0.0015045759877629905
2013-04-10,0.016010536,0.01492845717023239,0.01488897095077868
2013-04-11,0.005458872,-0.00039811682344226273,-0.0004376030428959732
2013-04-12,-0.005469135,-0.0008554398174861477,-0.0008949260369398582
2013-04-15,0.004292843,-0.001404971197843663,-0.0015234345337511446
2013-04-16,-0.004698774,-0.0029735166610714847,-0.003013002880525195
2013-04-17,-0.022606893,-0.013545042801643481,-0.013584529021097191
2013-04-18,0.005051056,0.007825782937080472,0.007786296717626762
2013-04-19,0.005852716,0.004676693186689951,0.00463720696723624
2013-04-22,-0.001295682,-0.0004177259786231069,-0.0005361893145305885
2013-04-23,0.024271198,0.013776659351102394,0.013737173131648683
2013-04-24,0.007714743,0.003403397546049236,0.0033639113265955256
2013-04-25,0.006226186,0.0015982967197889497,0.0015588105003352393
2013-04-26,-0.005076259,-0.00034121992283853153,-0.000380706142292242
2013-04-29,0.006781161,0.005655393416784005,0.005536930080876523
2013-04-30,0.001004391,0.001917011069689778,0.001493526437571721
2013-05-01,0.0,0.0,-3.948621945371045e-05
2013-05-02,-0.000637047,-0.005858400105620887,-0.005897886325074597
2013-05-03,0.005533581,0.001718796708192194,0.0016793104887384835
2013-05-06,-0.000399399,-0.002794893399006071,-0.0029133567349135525
2013-05-07,0.006248131,0.0030819153771262098,0.0030424291576724993
2013-05-08,0.013516629,0.010563766378850703,0.010524280159396993
2013-05-09,0.0,0.0,-3.948621945371045e-05
2013-05-10,0.010313859,0.006545007691224347,0.006505521471770637
2013-05-13,-0.003620171,-0.0004327199372283763,-0.0005511832731358579
2013-05-14,0.004721232,0.0024192262259337127,0.0023797400064800023
2013-05-15,0.014026946,0.007770052841292285,0.007730566621838575
2013-05-16,-0.005882609,-0.007830567809341549,-0.00787005402879526
2013-05-17,0.002751748,-0.003589827727505379,-0.0036293139469590896
2013-05-20,0.0,0.0,-0.00011846333590748159
2013-05-21,0.004360624,-0.00036085175679023695,-0.0004003379762439474
2013-05-22,0.010180121,0.003615040838778061,0.0035755546193243504
2013-05-23,-0.027402365,-0.01813562629649612,-0.01817511251594983
2013-05-24,0.000125104,0.0018722715350327768,0.0018327853155790663
2013-05-27,-0.000770074,-0.001712319109752447,-0.0018307824456599286
2013-05-28,0.008346938,0.005183484827385287,0.005143998607931577
2013-05-29,-0.022146239,-0.013051476734410206,-0.013090962953863916
2013-05-30,-0.000998487,-0.004295818986067457,-0.004335305205521167
2013-05-31,-0.007789364,-0.0029357568704690973,-0.0029752430899228077
2013-06-03,-0.020025217,-0.014919801232314844,-0.015038264568222326
2013-06-04,0.011373786,0.005846329900205394,0.005806843680751683
2013-06-05,-0.015532072,-0.012266413253700037,-0.012305899473153747
2013-06-06,-0.015101626,-0.011385535740102704,-0.011425021959556414
2013-06-07,0.019757923,0.01140886683225828,0.01136938061280457
2013-06-10,0.001199457,0.004373198409288737,0.004254735073381255
2013-06-11,-0.01490114,-0.013619308673991637,-0.013658794893445347
2013-06-12,-0.002152061,0.0019887192269660847,0.0019492330075123743
2013-06-13,-0.003740681,-0.0017475454074884489,-0.0017870316269421593
2013-06-14,0.001353868,-0.000439636972330959,-0.00047912319178466944
2013-06-17,0.011608106,0.0060904435541546675,0.005971980218247186
2013-06-18,-0.002760776,-0.0010111289577078297,-0.0010506151771615402
2013-06-19,0.003895581,0.006017180200039274,0.005977693980585563
2013-06-20,-0.029392394,-0.02007687857977558,-0.02011636479922929
2013-06-21,-0.009145683,-0.0024498450856996756,-0.002489331305153386
2013-06-24,-0.023121519,-0.021849997968907187,-0.021968461304814668
2013-06-25,0.019907132,0.012512357399745211,0.0124728711802915
2013-06-26,0.019455698,0.010845383968437705,0.010805897748983995
2013-06-27,0.014577872,0.012511094992309735,0.012471608772856024
2013-06-28,0.001315262,0.0028818843813669393,0.002842398161913229
2013-06-30,0.0,0.0,-7.897399806910954e-05
2013-07-01,0.007918462,0.005250878756660526,0.005211392537206816
2013-07-02,-0.000554414,0.0038842015927813556,0.003844715373327645
2013-07-03,-0.006804585,-0.004303281589696173,-0.004342767809149883
2013-07-04,0.019559305,0.01408797234784398,0.01404848612839027
2013-07-05,-0.006058344,-0.006049978514449883,-0.0060894647339035934
2013-07-08,0.010775252,0.006728935985682805,0.006610472649775323
2013-07-09,0.010253787,0.010066388478112254,0.010026902258658543
2013-07-10,0.002798634,0.0010684702939154356,0.0010289840744617251
2013-07-11,0.002073183,0.00254605449177725,0.0025065682723235394
2013-07-12,-0.000530486,0.0004418277359785616,0.00040234151652485117
2013-07-15,0.0021443,0.00027449902370846324,0.00015603568780098165
2013-07-16,-0.008143085,-0.0035428056229506177,-0.003582291842404328
2013-07-17,-0.000291019,-0.00257045769190567,-0.0026099439113593803
2013-07-18,0.001197798,-0.0005445725862567308,-0.0005840588057104412
2013-07-19,-0.000350774,0.0005876375200102313,0.0005481513005565208
2013-07-22,-0.00026951,-0.003746564511331152,-0.0038650278472386335
2013-07-23,-0.004444112,-0.0015517408963382495,-0.00159122711579196
2013-07-24,0.002623409,-0.0033409940977223718,-0.003380480317176082
2013-07-25,-0.006889655,-0.0038285244065393575,-0.003868010625993068
2013-07-26,-0.007909475,-0.0036155228564888064,-0.003655009075942517
2013-07-29,0.002100678,0.0009476788025881699,0.0008292154666806884
2013-07-30,0.000556569,0.004592070395123882,0.004552584175670171
2013-07-31,0.001346662,0.001966507702318987,0.0016024585424641237
2013-08-01,0.0,0.0,-3.948621945371045e-05
2013-08-02,0.017612815,0.013882335667064538,0.013842849447610828
2013-08-05,0.002597989,0.0024461805234736733,0.0023277171875661917
2013-08-06,0.001883828,0.0002116493428461208,0.00017216312339241036
2013-08-07,-0.002578451,0.004044307892416832,0.004004821672963121
2013-08-08,-0.001582887,-0.0013401310297886937,-0.0013796172492424041
2013-08-09,0.002987556,0.0020478315058320984,0.002008345286378388
2013-08-12,0.003050145,0.0005447079382712161,0.0004262446023637345
2013-08-13,0.004039975,0.004371751515798383,0.004332265296344673
2013-08-14,0.00521861,0.0042991775225167395,0.004259691303063029
2013-08-15,-0.011153262,-0.00564398750380668,-0.0056834737232603905
2013-08-16,-0.002586686,-0.0031754525642472275,-0.003214938783700938
2013-08-19,-0.002401143,0.00028709024646755843,0.00016862691056007684
2013-08-20,-0.001229378,-0.004334118812291843,-0.004373605031745553
2013-08-21,-0.005348056,-0.0039241705916384095,-0.00396365681109212
2013-08-22,0.01259584,0.004926949132450176,0.004887462912996465
2013-08-23,0.00245348,-9.963642213328683e-05,-0.00013912264158699728
2013-08-26,0.001693595,0.00039303698125503495,0.00027457364534755335
2013-08-27,-0.016687587,-0.012942785338677876,-0.012982271558131586
2013-08-28,-0.013390103,-0.008246041011908622,-0.008285527231362333
2013-08-29,-0.000665911,0.0038353453348523026,0.003795859115398592
2013-08-30,-0.001971921,0.0034618066792568847,0.0034223204598031742
2013-08-31,0.0,0.0,-3.948621945371045e-05
2013-09-02,0.017965928,0.010689868249327938,0.010610894251258829
2013-09-03,-0.002571453,-0.004055912024968689,-0.004095398244422399
2013-09-04,0.001692829,0.002498593981808739,0.0024591077623550284
2013-09-05,0.006697034,0.004694837398260265,0.004655351178806555
2013-09-06,0.002634962,0.0005414398113356977,0.0005019535918819873
2013-09-09,-0.001544502,-0.004010040269032844,-0.004128503604940326
2013-09-10,0.012661687,0.007152103934191745,0.007112617714738034
2013-09-11,0.000991728,-0.0005321554568863407,-0.0005716416763400511
2013-09-12,-0.002397683,0.002255698761035596,0.0022162125415818856
2013-09-13,0.000634971,-0.0009402918238299307,-0.0009797780432836412
2013-09-16,7.6e-05,-0.0006136535478918903,-0.0007321168837993719
2013-09-17,-0.001676759,0.00023387846448197358,0.00019439224502826313
2013-09-18,0.003887055,-0.001310128550425338,-0.0013496147698790484
2013-09-19,0.004621551,0.005966883526662858,0.005927397307209148
2013-09-20,0.000893235,0.00014316429158256483,0.00010367807212885438
2013-09-23,-0.005660345,-0.0028207078692746856,-0.0029391712051821672
2013-09-24,-0.000508942,0.0033243354590752894,0.003284849239621579
2013-09-25,0.000352121,0.0005090826518248104,0.00046959643237109994
2013-09-26,0.000549587,0.0002940835016751464,0.00025459728222143596
2013-09-27,-0.000729765,-0.0025700866039599646,-0.002609572823413675
2013-09-30,-0.003859584,-0.003003094672452966,-0.0031215580083604477
2013-10-01,0.005050432,0.000617675146412866,0.0005781889269591556
2013-10-02,-0.010609608,-0.007172140119676151,-0.007211626339129862
2013-10-03,-0.002547397,-0.0017092889645946574,-0.0017487751840483678
2013-10-04,0.000105971,3.071767086249011e-06,-3.6414452367461436e-05
2013-10-07,-0.006234412,-0.002966549374797678,-0.0030850127107051595
2013-10-08,-0.006998571,-0.00729655664345219,-0.0073360428629059005
2013-10-09,-0.008877316,-0.0042299789708074576,-0.004269465190261168
2013-10-10,0.012274674,0.0061230137396131035,0.006083527520159393
2013-10-11,0.010044214,0.008321452461104606,0.008281966241650895
2013-10-14,-0.000996023,-0.001588982121332183,-0.0017074454572396647
2013-10-15,0.006383817,0.0013710733762608562,0.0013315871568071458
2013-10-16,-0.000550677,0.0005732571460164149,0.0005337709265627044
2013-10-17,0.005733884,0.010161512335765455,0.010122026116311744
2013-10-18,0.006959389,0.006970504198717142,0.006931017979263432
2013-10-21,0.005116438,0.0029932138128370145,0.002874750476929533
2013-10-22,0.009462097,0.00357387771550699,0.0035343914960532796
2013-10-23,9.88e-05,-0.00039938599513833495,-0.0004388722145920454
2013-10-24,0.002174128,0.0010232838995534177,0.0009837976800997073
2013-10-25,0.001740648,0.0014698860876753983,0.0014303998682216879
2013-10-28,0.004337671,0.002800275645203465,0.0026818123092959834
2013-10-29,-0.005177636,0.001062414395075928,0.0010229281756222175
2013-10-30,-0.000149616,-0.0035170467140179795,-0.00355653293347169
2013-10-31,0.00130198,0.0026553102654891525,0.0021880167307423556
2013-11-01,-0.001633661,-0.003476702081332883,-0.0035161883007865935
2013-11-04,-0.003638573,-0.00020637405054235725,-0.00032483738644983884
2013-11-05,-0.004043499,-0.0027987376912544937,-0.002838223910708204
2013-11-06,0.008760598,0.0030923320836095947,0.003052845864155884
2013-11-07,0.000855032,0.004628148052405079,0.004588661832951368
2013-11-08,0.001013924,0.0013377416728148628,0.0012982554533611523
2013-11-11,0.005384684,0.0045247129439722755,0.004406249608064794
2013-11-12,-0.002055548,-0.000975432066855797,-0.0010149182863095074
2013-11-13,-0.00388307,-0.005395040414962526,-0.005434526634416237
2013-11-14,0.00812318,0.005823266358353507,0.005783780138899797
2013-11-15,0.002961505,0.004979495821258784,0.004940009601805073
2013-11-18,0.003102987,0.00045945940898417525,0.00034099607307669366
2013-11-19,-0.005985417,-0.0023714541308034187,-0.002410940350257129
2013-11-20,-0.002734724,-0.005012481427154825,-0.005051967646608535
2013-11-21,-0.00174055,-0.003291396029203031,-0.0033308822486567413
2013-11-22,-0.001799542,0.00041488982858428614,0.0003754036091305757
2013-11-25,0.005976588,0.0056647899317632255,0.005546326595855744
2013-11-26,-0.006419812,-0.004104715271117443,-0.004144201490571153
2013-11-27,0.000582523,-0.0020378400981119205,-0.002077326317565631
2013-11-28,0.001756744,0.0026183439755393945,0.002578857756085684
2013-11-29,0.000476884,0.003174096481323163,0.0031346102618694527
2013-11-30,0.0,0.0,-3.948621945371045e-05
2013-12-02,-0.001034664,-0.0038573316509987743,-0.003936305649067884
2013-12-03,-0.01705019,-0.01180583933890833,-0.011845325558362041
2013-12-04,-0.007854864,-0.005158136699824234,-0.005197622919277944
2013-12-05,-0.00253116,-0.0029892032385623324,-0.003028689458016043
2013-12-06,0.004720689,0.006111081184813516,0.006071594965359806
2013-12-09,-0.00038666,0.0008900519244967597,0.0007715885885892781
2013-12-10,-0.009603826,-0.0030700721992709123,-0.003109558418724623
2013-12-11,-0.002126387,-0.005410737723336112,-0.0054502239427898225
2013-12-12,-0.012345354,-0.007748045275705828,-0.007787531495159539
2013-12-13,-0.002351026,-0.0028088924701917817,-0.002848378689645492
2013-12-16,0.003972192,0.005660934659016625,0.005542471323109144
2013-12-17,-0.003073263,0.000218149312718241,0.00017866309326453056
2013-12-18,0.006883042,0.007022442917148153,0.006982956697694442
2013-12-19,0.017320228,0.011865790755063443,0.011826304535609733
2013-12-20,0.007380998,0.006688627621334486,0.006649141401880776
2013-12-23,0.003557272,0.0032742021144598343,0.0031557387785523527
2013-12-24,0.0,0.0,-3.948621945371045e-05
2013-12-25,0.0,0.0,-3.948621945371045e-05
2013-12-26,0.0,0.0,-3.948621945371045e-05
2013-12-27,0.013050861,0.006093553912436045,0.0060540676929823345
2013-12-30,-0.00163295,-2.3426998356335105e-05,-0.0001418903342638167
2013-12-31,0.0,0.0,-3.948621945371045e-05
2014-01-01,0.0,0.0,-3.948621945371045e-05
2014-01-02,0.0,0.0,-3.948621945371045e-05
2014-01-03,0.008012248,0.007443090657545337,0.007403604438091627
2014-01-06,0.000167072,0.0007507758637286255,0.0006323125278211439
2014-01-07,0.00530364,0.003040360130583286,0.0030008739111295757
2014-01-08,0.003447872,0.0021942907648324628,0.0021548045453787523
2014-01-09,-0.005806995,-0.0045381815496964295,-0.00457766776915014
2014-01-10,0.007886306,0.0046380399636083425,0.004598553744154632
2014-01-13,0.005389584,0.00504376286255992,0.004925299526652438
2014-01-14,-0.00279802,0.0015883470652313658,0.0015488608457776554
2014-01-15,0.004610269,0.0018216855939106047,0.0017821993744568942
2014-01-16,0.002034771,-0.002641887580759783,-0.0026813738002134935
2014-01-17,0.003111084,0.004608474287985276,0.004568988068531565
2014-01-20,0.000529272,0.003815979023962912,0.0036975156880554305
2014-01-21,0.000746521,0.004155610067823057,0.004116123848369346
2014-01-22,-0.001931603,0.001666969161618237,0.0016274829421645265
2014-01-23,-0.007011283,-0.005195182875966653,-0.005234669095420363
2014-01-24,-0.023557561,-0.018613232227639998,-0.018652718447093708
2014-01-27,-0.008617125,-0.005287622639514877,-0.005406085975422359
2014-01-28,0.007801196,0.0068542920434102594,0.006814805823956549
2014-01-29,-0.005833708,-0.0018467011368357156,-0.001886187356289426
2014-01-30,0.007536969,0.0030602632946621355,0.003020777075208425
2014-01-31,-0.001418073,-0.0008422695076920617,-0.0012123399556720194
2014-02-03,-0.01060595,-0.008823734027230357,-0.008942197363137838
2014-02-04,-0.00183544,-0.003934603229449163,-0.003974089448902873
2014-02-05,0.002614687,0.0024403397810945915,0.002400853561640881
2014-02-06,0.012675631,0.011464918790479617,0.011425432571025906
2014-02-07,0.011391106,0.00920317988336139,0.00916369366390768
2014-02-10,0.000463407,-0.0036567237885337667,-0.0037751871244412483
2014-02-11,0.004798071,0.0045402736240443,0.004500787404590589
2014-02-12,0.004786433,0.003957547231721481,0.003918061012267771
2014-02-13,-0.001118288,0.0018518605027544321,0.0018123742833007217
2014-02-14,0.003845376,0.0032071616898612376,0.003167675470407527
2014-02-17,0.000334451,0.0014453494292883118,0.0013268860933808302
2014-02-18,-4.35e-05,-0.00015087526098955806,-0.0001903614804432685
2014-02-19,-0.000258534,0.0009738591155372678,0.0009343728960835573
2014-02-20,-0.003820576,-0.0025082863550807133,-0.0025477725745344237
2014-02-21,0.005397775,0.0022187853780679667,0.0021792991586142563
2014-02-24,0.006337041,0.005248332320002769,0.005129868984095287
2014-02-25,0.002362197,0.003022832524962382,0.0029833463055086717
2014-02-26,0.003346046,0.0015685477258049474,0.001529061506351237
2014-02-27,-0.0006893,-0.003297166457105649,-0.0033366526765593596
2014-02-28,0.001578383,0.004422494815573774,0.004383008596120064
2014-03-03,-0.022504914,-0.014870715771687082,-0.014989179107594564
2014-03-04,0.019242076,0.01325037680889829,0.01321089058944458
2014-03-05,0.002701014,0.005067700677126696,0.005028214457672986
2014-03-06,0.008330226,0.0029420127011448027,0.0029025264816910923
2014-03-07,-0.011501007,-0.008611032124458462,-0.008650518343912172
2014-03-10,-0.001738946,-0.00039919310215852377,-0.0005176564380660054
2014-03-11,-0.000908589,-7.75918120305974e-05,-0.00011707803148430784
2014-03-12,-0.006525084,-0.005568993396824817,-0.005608479616278528
2014-03-13,-0.011630521,-0.005734967328963725,-0.005774453548417435
2014-03-14,-0.010725609,-0.006275274305577283,-0.0063147605250309935
2014-03-17,0.006940845,0.008297476713876595,0.008179013377969113
2014-03-18,0.009709999,0.005038394725755069,0.004998908506301358
2014-03-19,-0.001453051,0.00039932253143093455,0.0003598363119772241
2014-03-20,0.003079245,-0.0020937531015322586,-0.002133239320985969
2014-03-21,0.00336542,0.004646679307508839,0.004607193088055128
2014-03-24,-0.010943819,-0.004801360685173894,-0.004919824021081376
2014-03-25,0.011856788,0.008694074871220758,0.008654588651767048
2014-03-26,0.00493161,0.0053628342669369555,0.005323348047483245
2014-03-27,-0.000556255,0.0014827016258580628,0.0014432154064043523
2014-03-28,0.005385075,0.004315809804569248,0.004276323585115538
2014-03-31,0.009020956,0.007918958778479812,0.0078004954425723305
2014-04-01,0.000722979,-0.003380968627060388,-0.0034204548465140983
2014-04-02,0.005811326,0.0034827850163192675,0.003443298796865557
2014-04-03,0.001390536,0.00033967649010779866,0.0003001902706540882
2014-04-04,0.001013633,0.0021683488076151836,0.002128862588161473
2014-04-07,-0.011263136,-0.0052935021526016035,-0.005411965488509085
2014-04-08,0.000740609,0.00046112183154223274,0.0004216356120885223
2014-04-09,0.00012945,0.003398219987881923,0.0033587337684282126
2014-04-10,0.000617858,0.0018211603042908031,0.0017816740848370927
2014-04-11,-0.014321557,-0.011355569626441353,-0.011395055845895063
2014-04-14,0.00598345,0.0020236686864909537,0.001905205350583472
2014-04-15,-0.002922857,-0.0018944515677811191,-0.0019339377872348296
2014-04-16,0.006175125,0.008545822264626413,0.008506336045172702
2014-04-17,0.006596016,0.004557369388337618,0.004517883168883907
2014-04-18,0.0,0.0,-3.948621945371045e-05
2014-04-21,0.0,0.0,-0.00011846333590748159
2014-04-22,0.011420166,0.008647693139687052,0.008608206920233341
2014-04-23,-0.001821825,-0.0015965124804069308,-0.0016359986998606413
2014-04-24,-0.002684612,0.0012489668558739453,0.0012094806364202348
2014-04-25,-0.003270391,-0.0026341211376759155,-0.002673607357129626
2014-04-28,0.001275047,0.0003738547944218684,0.0002553914585143868
2014-04-29,0.006025112,0.007368569510168621,0.007329083290714911
2014-04-30,0.004644872,0.003124706100379404,0.0027466357202831707
2014-05-01,0.0,0.0,-3.948621945371045e-05
2014-05-02,-0.002117907,2.490241471431176e-05,-1.4583804739398687e-05
2014-05-05,-0.002267904,-0.0020580472718867426,-0.0021765106077942242
2014-05-06,-0.001674061,0.000536421511583729,0.0004969352921300185
2014-05-07,0.002179083,-0.000555791849811138,-0.0005952780692648485
2014-05-08,0.004937751,0.0029031008738640285,0.002863614654410318
2014-05-09,0.005092096,0.004852507061089861,0.004813020841636151
2014-05-12,0.005506379,0.0056479577753492105,0.005529494439441729
2014-05-13,0.000278734,-0.00126595317711653,-0.0013054393965702404
2014-05-14,0.006637939,0.002284288158061587,0.0022448019386078766
2014-05-15,0.000863438,-0.001943075227569535,-0.0019825614470232455
2014-05-16,0.003396633,-0.0008128065996039213,-0.0008522928190576318
2014-05-19,-0.003075476,0.000757532775558678,0.0006390694396511964
2014-05-20,-0.000654172,-0.002648419342026642,-0.0026879055614803526
2014-05-21,0.00265019,1.2175739652064976e-05,-2.731047980164547e-05
2014-05-22,0.004484373,0.0032622377106135136,0.003222751491159803
2014-05-23,0.000881415,-0.0039787980813551505,-0.004018284300808861
2014-05-26,0.001897928,0.003135187018765251,0.0030167236828577693
2014-05-27,0.000216828,0.0029986882165253803,0.00295920199707167
2014-05-28,-0.00011888,-0.00268046281854617,-0.0027199490379998803
2014-05-29,0.0,0.0,-3.948621945371045e-05
2014-05-30,-0.00245598,-0.0016058960680404022,-0.0016453822874941126
2014-05-31,0.0,0.0,-3.948621945371045e-05
2014-06-02,0.001452444,-0.0017624993002539613,-0.0018414732983230708
2014-06-03,-0.003408234,-0.002406643471306147,-0.0024461296907598573
2014-06-04,0.000783261,0.0018237759164034806,0.0017842896969497701
2014-06-05,-0.001292715,-0.00045374604703463106,-0.0004932322664883415
2014-06-06,0.002854683,0.0022469162371601126,0.002207430017706402
2014-06-09,0.0,0.0,-0.00011846333590748159
2014-06-10,0.009237001,0.005070184562393942,0.005030698342940232
2014-06-11,-0.004425772,-0.0033703183196466258,-0.003409804539100336
2014-06-12,-0.00379444,-0.001656201571884064,-0.0016956877913377744
2014-06-13,-0.002393394,-0.000612129902151648,-0.0006516161216053584
2014-06-16,-0.000171952,-0.002145130992964539,-0.0022635943288720206
2014-06-17,0.000471486,-0.0009546979577803594,-0.0009941841772340698
2014-06-18,-0.000550782,0.0005343373139861107,0.0004948510945324003
2014-06-19,0.002441861,0.004709756127476039,0.004670269908022329
2014-06-20,0.003039347,0.004252986754244903,0.0042135005347911925
2014-06-23,-0.006111475,-0.0033449116793831113,-0.003463375015290593
2014-06-24,0.003024183,0.003841948957388208,0.0038024627379344977
2014-06-25,-0.010398063,-0.008473303293995649,-0.00851278951344936
2014-06-26,-0.004159049,-0.0020284761838803567,-0.002067962403334067
2014-06-27,0.00209887,-0.00018605793004011772,-0.00022554414949382817
2014-06-30,-0.000555532,-0.0007774577913149949,-0.0008959211272224765
2014-07-01,0.006037376,0.006407980017464787,0.006368493798011077
2014-07-02,0.000315045,-0.00035787260988684455,-0.000397358829340555
2014-07-03,0.009755106,0.005233128833959988,0.0051936426145062775
2014-07-04,-0.001593268,-0.0017163520928162868,-0.0017558383122699972
2014-07-07,-0.007012709,0.000899064762392987,0.0007806014264855055
2014-07-08,-0.006650193,-0.0038120548110105457,-0.003851541030464256
2014-07-09,-0.001968825,-0.0012761053970916647,-0.0013155916165453752
2014-07-10,-0.007709668,-0.005588714798254513,-0.005628201017708223
2014-07-11,-0.000291165,-0.0017869653617588188,-0.0018264515812125293
2014-07-14,0.011760999,0.009183283182617075,0.009064819846709593
2014-07-15,0.000641796,-0.0016324053168483843,-0.0016718915363020947
2014-07-16,0.00527609,0.005094080076262886,0.005054593856809175
2014-07-17,-0.00721171,-0.003699691988030551,-0.0037391782074842617
2014-07-18,-0.004334359,-0.003536374534743203,-0.0035758607541969134
2014-07-21,-0.000261028,-0.003255868367612713,-0.0033743317035201947
2014-07-22,0.008978131,0.0060773749649993825,0.006037888745545672
2014-07-23,0.001676139,0.0006422412359876617,0.0006027550165339512
2014-07-24,0.003728307,0.0015778216169795023,0.0015383353975257918
2014-07-25,-0.007276828,-0.007059914833370207,-0.007099401052823917
2014-07-28,-0.004738683,-0.0039763943809327795,-0.004094857716840261
2014-07-29,0.000907017,0.002347014348341947,0.0023075281288882366
2014-07-30,-0.004527424,-0.004439036115241657,-0.004478522334695367
2014-07-31,-0.010097853,-0.005771784826491766,-0.006041334516692971
2014-08-01,0.0,0.0,-3.948621945371045e-05
2014-08-04,-0.013113333,-0.012779277871181383,-0.012897741207088864
2014-08-05,0.004681003,0.0047880970335063555,0.004748610814052645
2014-08-06,-0.006839861,-0.0073245800666584815,-0.007364066286112192
2014-08-07,0.001497114,0.0038696145157872675,0.003830128296333557
2014-08-08,-0.00444689,-0.006917464041814925,-0.006956950261268635
2014-08-11,0.007776772,0.007409861413645302,0.007291398077737821
2014-08-12,0.000169866,0.003195749735365183,0.0031562635159114727
2014-08-13,0.006911151,0.004617124161633068,0.004577637942179358
2014-08-14,0.005116763,0.0058512059403075245,0.005811719720853814
2014-08-15,-0.006743669,-0.0012040835875185563,-0.0012435698069722667
2014-08-18,0.010158839,0.005750864146463641,0.00563240081055616
2014-08-19,0.00877958,0.007702540624725751,0.007663054405272041
2014-08-20,4.03e-05,0.0005353412354045517,0.0004958550159508412
2014-08-21,0.004600688,0.004377110388552374,0.004337624169098664
2014-08-22,-0.001460527,-0.0016794524125072208,-0.0017189386319609312
2014-08-25,0.006603824,0.005554587282697421,0.005436123946789939
2014-08-26,0.006477232,0.004798302432305945,0.004758816212852235
2014-08-27,-0.000609414,-0.0012278549360598134,-0.0012673411555135239
2014-08-28,-0.005059002,-7.997614514498874e-05,-0.00011946236459869919
2014-08-29,0.003849579,0.002523023541078473,0.0024835373216247625
2014-08-31,0.0,0.0,-7.897399806910954e-05
2014-09-01,0.008505472,0.0014510270384697765,0.001411540819016066
2014-09-02,0.001781434,0.002316915381715967,0.0022774291622622567
2014-09-03,0.004443931,0.0012005589685939455,0.001161072749140235
2014-09-04,0.00297252,0.0007166597141032849,0.0006771734946495744
2014-09-05,-0.004755242,-0.0032716554081612115,-0.003311141627614922
2014-09-08,0.002551473,0.0015272235280314739,0.0014087601921239923
2014-09-09,0.000690846,0.001107323919412373,0.0010678376999586625
2014-09-10,-0.001327898,-0.0033946058231654197,-0.00343409204261913
2014-09-11,0.001402128,-0.0013189304772494026,-0.001358416696703113
2014-09-12,-0.003149509,-0.0023958376248421898,-0.0024353238442959
2014-09-15,-0.000147488,-0.002015799799808704,-0.0021342631357161856
2014-09-16,0.00010026,-0.0018855580874334033,-0.0019250443068871137
2014-09-17,0.002326495,0.0024873854721465527,0.0024478992526928423
2014-09-18,0.00110709,-4.935430621910708e-05,-8.884052567281753e-05
2014-09-19,0.00176617,0.001644564591892994,0.0016050783724392836
2014-09-22,-0.002379781,-0.0020942500821293786,-0.00221271341803686
2014-09-23,-0.006332496,-0.006393500586519885,-0.006432986805973595
2014-09-24,0.003232103,0.00016112920479605108,0.00012164298534234064
2014-09-25,-0.003127172,-0.0024310465782098056,-0.002470532797663516
2014-09-26,-0.000148004,0.0035906282542277346,0.003551142034774024
2014-09-29,-0.00058632,-0.0025322517991879234,-0.002650715135095405
2014-09-30,0.006192946,0.0039052332924980337,0.0038657470730443233
2014-10-01,-0.005191125,-0.0039048089351241266,-0.003944295154577837
2014-10-02,-0.015024617,-0.011189231193996063,-0.011228717413449774
2014-10-03,0.004033801,0.004997179800751761,0.0049576935812980505
2014-10-06,0.003506775,0.00023501481506915667,0.00011655147916167508
2014-10-07,-0.017742843,-0.011294773484173626,-0.011334259703627336
2014-10-08,-0.005406431,-0.001898948979211168,-0.0019384351986648785
2014-10-09,-0.004527266,-0.002593281976544737,-0.0026327681959984472
2014-10-10,-0.01343396,-0.010131224639137959,-0.01017071085859167
2014-10-13,-0.004205501,-0.004002068478401788,-0.0041205318143092695
2014-10-14,-0.000477921,-0.000640586027359058,-0.0006800722468127685
2014-10-15,-0.02249499,-0.014860581314283361,-0.014900067533737071
2014-10-16,-0.009346319,-0.005028015629949256,-0.005067501849402967
2014-10-17,0.02418078,0.018532606545280217,0.018493120325826506
2014-10-20,0.003760952,0.004296192863909365,0.004177729528001883
2014-10-21,0.014416468,0.011276123518358272,0.011236637298904562
2014-10-22,0.011920291,0.00932684043583265,0.00928735421637894
2014-10-23,0.004926085,0.006380348466966224,0.006340862247512513
2014-10-24,-0.001713956,-0.0008076262215023222,-0.0008471124409560327
2014-10-27,-0.001659788,0.000816773123627712,0.0006983097877202304
2014-10-28,0.012382698,0.008677431494883425,0.008637945275429715
2014-10-29,0.003036032,0.0014223169785745338,0.0013828307591208233
2014-10-30,0.007420987,0.005310014318004486,0.005270528098550775
2014-10-31,0.01260185,0.010349500153685964,0.010035204642073591
2014-11-03,-0.009386976,-0.007583259670281173,-0.007701723006188654
2014-11-04,-0.003278654,-0.0012621449968990284,-0.0013016312163527388
2014-11-05,0.013712405,0.01012253557549947,0.010083049356045759
2014-11-06,0.002631128,0.001879326091003941,0.0018398398715502307
2014-11-07,-0.005296598,-0.006735369970296778,-0.006774856189750489
2014-11-10,0.005950638,0.007393753455851915,0.007275290119944433
2014-11-11,0.003137027,0.0037823254038735765,0.003742839184419866
2014-11-12,-0.003073535,-0.0011996218940124592,-0.0012391081134661697
2014-11-13,0.008860649,0.00819192678421099,0.00815244056475728
2014-11-14,-0.004264225,-0.0015119267238301592,-0.0015514129432838697
2014-11-17,0.000905538,0.0006005620302700354,0.0004820986943625538
2014-11-18,0.005052295,0.004581089782876413,0.0045416035634227025
2014-11-19,0.001326448,-0.0011441158045764066,-0.001183602024030117
2014-11-20,0.000750658,0.0016411909123204005,0.00160170469286669
2014-11-21,0.009946962,0.005805632768449032,0.005766146548995321
2014-11-24,-0.001780033,-0.0004807691153648763,-0.0005992324512723579
2014-11-25,-0.001260253,0.0010863316466287465,0.001046845427175036
2014-11-26,0.001139367,-0.00047420909899620334,-0.0005136953184499138
2014-11-27,0.007489489,0.0057818019735613735,0.005742315754107663
2014-11-28,0.001821412,0.0024478935435918725,0.002408407324138162
2014-11-30,0.0,0.0,-7.897399806910954e-05
2014-12-01,-0.000889591,-0.00445433427727282,-0.0044938204967265305
2014-12-02,-0.000642189,-0.0003976644122002382,-0.00043715063165394863
2014-12-03,0.003587207,0.002286880786001033,0.0022473945665473227
2014-12-04,-0.004854994,-0.004324423503351049,-0.00436390972280476
2014-12-05,0.010529027,0.00936580699658962,0.00932632077713591
2014-12-08,-0.004602732,-0.002111146559869659,-0.0022296098957771404
2014-12-09,-0.014153631,-0.009690310564214988,-0.009729796783668698
2014-12-10,-0.003221769,0.0013115735408602003,0.0012720873214064898
2014-12-11,0.003456686,0.0004451196570771643,0.00040563343762345383
2014-12-12,-0.016620159,-0.009457800120587612,-0.009497286340041322
2014-12-15,-0.019106438,-0.01165203346658994,-0.011770496802497421
2014-12-16,0.008673993,0.0049296132838207996,0.004890127064367089
2014-12-17,-0.001321918,0.0007537020227821323,0.0007142158033284218
2014-12-18,0.025589374,0.008936576519906758,0.008897090300453048
2014-12-19,-0.002309391,0.00692169166021972,0.006882205440766009
2014-12-22,0.006122121,0.004820419372713047,0.004701956036805566
2014-12-23,-0.00073504,0.00023705893352987673,0.00019757271407616628
2014-12-24,0.0,2.239792775471372e-06,-3.7246426678239075e-05
2014-12-25,0.0,0.0,-3.948621945371045e-05
2014-12-26,0.0,0.0,-3.948621945371045e-05
2014-12-29,0.001355312,0.002649897953652003,0.0025314346177445213
2014-12-30,-0.005162311,-0.0037014253853432377,-0.003740911604796948
2014-12-31,0.0,0.0,-3.948621945371045e-05
2015-01-01,0.0,0.0,-3.948621945371045e-05
2015-01-02,0.0,0.0,-3.948621945371045e-05
2015-01-05,-0.004590704,-0.0024074484828096043,-0.002525911818717086
2015-01-06,-0.006722721,-0.0054176981761387966,-0.005457184395592507
2015-01-07,0.002683537,0.0050070774152577435,0.004967591195804033
2015-01-08,0.024916293,0.014018905962432271,0.01397941974297856
2015-01-09,-0.002631292,0.004872198213477619,0.004832711994023908
2015-01-12,0.004645877,0.003909571197326045,0.0037911078614185634
2015-01-13,0.013982966,0.008498384603852882,0.008458898384399172
2015-01-14,-0.0089386,-0.006038879595056557,-0.006078365814510267
2015-01-15,-0.085779142,-0.04961908495969369,-0.049658571179147404
2015-01-16,-0.057955567,-0.04016962169465521,-0.04020910791410892
2015-01-19,0.030321668,0.016600121866863438,0.016481658530955956
2015-01-20,0.002107957,0.0037147973230258202,0.0036753111035721098
2015-01-21,-0.01971479,-0.015626685112861916,-0.015666171332315626
2015-01-22,-0.001065951,-0.0003994096383823642,-0.00043889585783607465
2015-01-23,0.019121414,0.012848172862215623,0.012808686642761913
2015-01-26,0.016376278,0.012024982678416007,0.011906519342508526
2015-01-27,0.01069838,0.006932623685605543,0.006893137466151833
2015-01-28,-0.009780114,-0.004403160202239298,-0.004442646421693008
2015-01-29,0.014389017,0.008798887342738038,0.008759401123284327
2015-01-30,-0.004208471,0.0015039460447829889,0.0014644598253292784
2015-01-31,0.0,0.0,-0.00045341271574439153
2015-02-02,0.005385694,0.006741657698325909,0.0066626837002568
2015-02-03,0.003563204,0.0034576999342026404,0.00341821371474893
2015-02-04,0.017239373,0.008828920936116313,0.008789434716662603
2015-02-05,-0.005891197,0.00034881994305946407,0.0003093337236057536
2015-02-06,0.004433906,0.0017253685641418492,0.0016858823446881388
2015-02-09,0.004400162,0.0025372067260396314,0.00241874339013215
2015-02-10,-0.000226922,0.0015037820100314292,0.0014642957905777187
2015-02-11,-0.004560636,0.0014771700976092816,0.0014376838781555712
2015-02-12,0.004827265,0.0035847228393768304,0.00354523661992312
2015-02-13,0.005275546,0.004749102579714171,0.00470961636026046
2015-02-16,0.006604562,0.0019212758187909795,0.001802812482883498
2015-02-17,0.003723878,0.0023567205097525523,0.002317234290298842
2015-02-18,0.007121467,0.0073429142567928984,0.007303428037339188
2015-02-19,0.010618159,0.004047926554623826,0.004008440335170116
2015-02-20,-0.000798401,-0.002470421243819798,-0.0025099074632735086
2015-02-23,0.009232205,0.0077642938252593385,0.007645830489351857
2015-02-24,0.001903761,0.008540550069943587,0.008501063850489876
2015-02-25,-0.000128327,0.0020277839609568193,0.001988297741503109
2015-02-26,0.006930559,0.000827014998372233,0.0007875287789185226
2015-02-27,-0.002479886,0.0045860683020881865,0.004546582082634476
2015-02-28,0.0,0.0,-3.948621945371045e-05
2015-03-02,0.00491718,0.003196258559409193,0.0031172845613400835
2015-03-03,-0.005067117,-0.00286848466939571,-0.0029079708888494205
2015-03-04,0.003523456,-0.00016890473052477706,-0.0002083909499784875
2015-03-05,0.009972463,0.001988241739300456,0.0019487555198467454
2015-03-06,0.004746198,-0.001552607832977393,-0.0015920940524311034
2015-03-09,-0.003257437,-0.004029978564585535,-0.004148441900493016
2015-03-10,-0.003674522,-0.00886778099649177,-0.00890726721594548
2015-03-11,0.009306095,0.009825787894653493,0.009786301675199782
2015-03-12,0.00140803,-3.2396823728242374e-05,-7.188304318195282e-05
2015-03-13,0.004638211,0.007875144167082793,0.007835657947629082
2015-03-16,0.00792683,0.004983456929996688,0.004864993594089206
2015-03-17,-0.004294546,-0.0024723193335163263,-0.0025118055529700367
2015-03-18,0.005282286,0.00225878209777175,0.0022192958783180394
2015-03-19,0.007113525,0.0037745758985889832,0.003735089679135273
2015-03-20,0.007605866,0.007310424365154278,0.007270938145700567
2015-03-23,-0.002164622,0.0013639322358127703,0.0012454688999052888
2015-03-24,-0.006786866,-0.001669121971646259,-0.0017086081910999695
2015-03-25,-0.010802355,-0.006354235989251222,-0.006393722208704933
2015-03-26,-0.010703871,-0.00796541524241623,-0.00800490146186994
2015-03-27,-0.000503548,-0.0029107861304357163,-0.0029502723498894268
2015-03-30,0.012828241,0.00914954473868046,0.009031081402772978
2015-03-31,-0.007630736,-0.004440476106500002,-0.0044799623259537125
2015-04-01,0.000723413,0.0004943931463536888,0.00045490692689997836
2015-04-02,7.44e-05,0.002834488172446026,0.0027950019529923154
2015-04-03,0.0,0.0,-3.948621945371045e-05
2015-04-06,0.0,0.0,-0.00011846333590748159
2015-04-07,0.015726341,0.011062223865895726,0.011022737646442016
2015-04-08,-0.000993719,0.0008913100008296482,0.0008518237813759377
2015-04-09,0.014904447,0.009333615414627738,0.009294129195174028
2015-04-10,0.008234748,0.004500370013449828,0.004460883793996118
2015-04-13,-0.003715655,-0.00129876828800779,-0.0014172316239152716
2015-04-14,-0.001609991,-0.00037783566119131695,-0.0004173218806450274
2015-04-15,0.001506705,0.0023442595038336567,0.0023047732843799462
2015-04-16,-0.003178033,-0.0036235508191033716,-0.003663037038557082
2015-04-17,-0.015800828,-0.011780171136739459,-0.01181965735619317
2015-04-20,0.006112306,0.00458198772153251,0.004463524385625028
2015-04-21,0.005800976,0.005148222504058886,0.005108736284605175
2015-04-22,0.005026346,0.0009899240128297127,0.0009504377933760022
2015-04-23,-0.000463036,0.0009330703087813141,0.0008935840893276037
2015-04-24,-0.00324063,0.0002537534775521877,0.00021426725809847724
2015-04-27,0.004573116,0.0035730846283033024,0.003454621292395821
2015-04-28,-0.009134238,-0.008966889638146514,-0.009006375857600224
2015-04-29,-0.015031786,-0.008382292443885886,-0.008421778663339596
2015-04-30,-0.001151993,0.002253808767380905,0.001725813457885092
2015-05-01,0.0,0.0,-3.948621945371045e-05
2015-05-04,0.003239507,0.004780182572378555,0.0046617192364710736
2015-05-05,-0.006747117,-0.008378202566931225,-0.008417688786384936
2015-05-06,-0.014128638,-0.009592634884860951,-0.009632121104314662
2015-05-07,-0.001660393,0.00034211697784924944,0.000302630758395539
2015-05-08,0.022519026,0.018265738143597998,0.018226251924144288
2015-05-11,0.004460496,0.0010341569257499295,0.0009156935898424479
2015-05-12,-0.008025366,-0.009073103726704557,-0.009112589946158267
2015-05-13,0.000746646,0.0012004859622056774,0.001160999742751967
2015-05-14,0.0,0.0,-3.948621945371045e-05
2015-05-15,0.006819056,0.005790946165217914,0.0057514599457642035
2015-05-18,0.008548336,0.002029458913976212,0.0019109955780687304
2015-05-19,0.010149667,0.008209402612951333,0.008169916393497623
2015-05-20,0.001928012,-0.002672100810542477,-0.0027115870299961875
2015-05-21,0.004223743,-0.0009047925382484889,-0.0009442787577021994
2015-05-22,-0.001208022,-0.003168148724731923,-0.0032076349441856333
2015-05-25,0.0,0.0,-0.00011846333590748159
2015-05-26,-0.008571736,-0.006340027020931616,-0.006379513240385326
2015-05-27,0.012117573,0.007354000808951433,0.007314514589497723
2015-05-28,-5.77e-05,-0.0005918628730651188,-0.0006313490925188292
2015-05-29,-0.015355248,-0.007353466358813621,-0.007392952578267331
2015-05-31,0.0,0.0,-7.897399806910954e-05
2015-06-01,0.003372953,0.0037716204287365773,0.003732134209282867
2015-06-02,-0.006730668,-0.001686773458163704,-0.0017262596776174144
2015-06-03,0.005682742,0.003419875188432453,0.0033803889689787425
2015-06-04,-0.00203959,-0.00022733719359802063,-0.0002668234130517311
2015-06-05,-0.01347473,-0.011818334998279556,-0.011857821217733266
2015-06-08,-0.004556168,-0.003138202905517584,-0.0032566662414250658
2015-06-09,-0.007943565,-0.004489372776610767,-0.004528858996064478
2015-06-10,0.012186394,0.008132613791346888,0.008093127571893177
2015-06-11,0.004055389,0.0026806919721740208,0.0026412057527203103
2015-06-12,-0.012166561,-0.007441272862443227,-0.007480759081896937
2015-06-15,-0.011688544,-0.010252835542043148,-0.01037129887795063
2015-06-16,0.004509905,0.0029940717461820476,0.002954585526728337
2015-06-17,-0.006522026,-0.003440067746793063,-0.0034795539662467734
2015-06-18,-0.003063593,-0.0014139884433685967,-0.0014534746628223072
2015-06-19,-0.000843636,-0.0011228996659445878,-0.0011623858853982982
2015-06-22,0.015938319,0.0072494030725740455,0.007130939736666564
2015-06-23,0.01176211,0.006856996010572658,0.0068175097911189475
2015-06-24,-0.005670202,-0.002841365304646737,-0.0028808515241004473
2015-06-25,-0.00413822,-0.007064370057298208,-0.007103856276751919
2015-06-26,-0.003981002,-0.004800142315824374,-0.004839628535278084
2015-06-29,-0.015002654,-0.009048902307235984,-0.009167365643143466
2015-06-30,-0.009038919,-0.004571320173936244,-0.004610806393389955
2015-07-01,0.014043652,0.009552860534302043,0.009513374314848333
2015-07-02,0.005329577,0.0042097176951978454,0.004170231475744135
2015-07-03,-0.004947168,-0.00042747452663416396,-0.0004669607460878744
2015-07-06,-0.006010773,-0.005779540596503319,-0.0058980039324108
2015-07-07,-0.01105451,-0.006061938366517028,-0.006101424585970738
2015-07-08,0.008827994,0.0043221708313725404,0.00428268461191883
2015-07-09,0.014625811,0.008933776049532716,0.008894289830079005
2015-07-10,0.016104528,0.011931569828626198,0.011892083609172488
2015-07-13,0.012382117,0.007925111167566667,0.007806647831659186
2015-07-14,0.006359353,0.004491699696076212,0.004452213476622502
2015-07-15,0.000640937,0.0018867662301282895,0.001847280010674579
2015-07-16,0.014526366,0.010272411646147006,0.010232925426693296
2015-07-17,-0.000872817,0.004666605742702723,0.0046271195232490125
2015-07-20,0.003699372,0.002215834804989436,0.0020973714690819545
2015-07-21,-0.009224765,-0.005538685032429158,-0.0055781712518828686
2015-07-22,-0.009348528,-0.006177874652314674,-0.006217360871768385
2015-07-23,0.009148951,0.004501395639537442,0.004461909420083732
2015-07-24,-0.006252019,-0.002931077546887706,-0.0029705637663414164
2015-07-27,-0.012445039,-0.004327722695355196,-0.004446186031262678
2015-07-28,0.008681479,0.008719788282345764,0.008680302062892054
2015-07-29,0.011322949,0.008121343788174862,0.008081857568721151
2015-07-30,0.001351824,0.002346423474946624,0.0023069372554929135
2015-07-31,0.003493622,0.003805824379625289,0.0034942303521309456
2015-08-03,0.004386346,0.004848744411250161,0.004730281075342679
2015-08-04,0.001489406,0.0022793660301994034,0.002239879810745693
2015-08-05,0.00521765,0.0052302217120066,0.005190735492552889
2015-08-06,-0.007097328,-0.0030586971993206147,-0.003098183418774325
2015-08-07,-0.005402724,-0.0036521230897731405,-0.003691609309226851
2015-08-10,0.010075263,0.005680027015366296,0.005561563679458814
2015-08-11,-0.008015492,-0.0005265449478272233,-0.0005660311672809337
2015-08-12,-0.024454075,-0.014821011224370517,-0.014860497443824228
2015-08-13,0.014145509,0.008341297221045041,0.00830181100159133
2015-08-14,0.002437078,0.00458582549281128,0.004546339273357569
2015-08-17,0.004441652,0.0039547802108292895,0.003836316874921808
2015-08-18,-0.000749422,0.0014346544936636452,0.0013951682742099347
2015-08-19,-0.013504968,-0.00827222392080229,-0.008311710140256001
2015-08-20,-0.015650105,-0.012575259059663835,-0.012614745279117545
2015-08-21,-0.031504708,-0.024383468086843885,-0.024422954306297595
2015-08-24,-0.036923403,-0.036393896619350774,-0.036512359955258256
2015-08-25,0.033847435,0.032657773413606206,0.032618287194152495
2015-08-26,-0.021841526,-0.016150501773286252,-0.016189987992739963
2015-08-27,0.02900472,0.01906568899351435,0.01902620277406064
2015-08-28,-0.003306631,-0.004902229575208694,-0.004941715794662405
2015-08-31,0.00462921,0.004836620623752008,0.004718157287844527
2015-09-01,-0.022062171,-0.019301566188675734,-0.019341052408129444
2015-09-02,0.00067946,0.0019517167333840124,0.001912230513930302
2015-09-03,0.01649614,0.010183426323143507,0.010143940103689797
2015-09-04,-0.013224204,-0.005741103746722431,-0.005780589966176142
2015-09-07,0.005277117,0.0002758650533423168,0.00015740171743483522
2015-09-08,0.007065392,0.005234978990604766,0.005195492771151056
2015-09-09,0.01181064,0.008816186245008018,0.008776700025554307
2015-09-10,-0.009437847,-0.005295754338666914,-0.005335240558120624
2015-09-11,-0.000900702,-0.004024969958608349,-0.004064456178062059
2015-09-14,-0.009055402,-0.007341296001588171,-0.007459759337495653
2015-09-15,0.010812049,0.004142045580366016,0.004102559360912306
2015-09-16,0.008483197,0.004814159492121828,0.004774673272668117
2015-09-17,-0.001794865,0.000241482451126096,0.00020199623167238556
2015-09-18,-0.01104479,-0.004807795624566569,-0.004847281844020279
2015-09-21,0.004903797,0.0048875371538219525,0.004769073817914471
2015-09-22,-0.032596442,-0.02049491376897028,-0.02053439998842399
2015-09-23,-0.002784053,-0.0007381983821143079,-0.0007776846015680183
2015-09-24,-0.020320279,-0.0148475503854274,-0.01488703660488111
2015-09-25,0.025240155,0.01711820109058082,0.01707871487112711
2015-09-28,-0.014195075,-0.00996335691779271,-0.010081820253700191
2015-09-29,-0.007155919,-0.004700240527105937,-0.004739726746559647
2015-09-30,0.021550694,0.015017908544938452,0.014978422325484742
2015-10-01,2.88e-05,-0.0016592637030713453,-0.0016987499225250557
2015-10-02,0.000940085,0.0005396977432405858,0.0005002115237868754
2015-10-05,0.025335425,0.02079943013945007,0.02068096680354259
2015-10-06,0.00384583,0.002891626273413328,0.0028521400539596176
2015-10-07,-0.013081192,-0.011752724606584497,-0.011792210826038207
2015-10-08,0.004531121,0.005433351007152254,0.0053938647876985435
2015-10-09,0.001389638,0.004442654027179138,0.004403167807725428
2015-10-12,0.002595197,0.004563220415908509,0.004444757080001027
2015-10-13,-0.006025179,-0.005162973264624893,-0.005202459484078603
2015-10-14,-0.009162065,-0.007255766322889379,-0.007295252542343089
2015-10-15,0.008255488,0.004622984296719812,0.004583498077266102
2015-10-16,0.006932046,0.002962025415848446,0.0029225391963947356
2015-10-19,-0.001015738,0.002998498056353105,0.0028800347204456234
2015-10-20,-0.005030992,-0.0016953663674792452,-0.0017348525869329556
2015-10-21,-0.004085388,0.0030969031443344175,0.003057416924880707
2015-10-22,0.019872827,0.010508861138268655,0.010469374918814944
2015-10-23,0.013736074,0.00993146564351699,0.00989197942406328
2015-10-26,-9.55e-05,0.0036182465312719625,0.003499783195364481
2015-10-27,-0.006913968,-0.004523749334220506,-0.004563235553674216
2015-10-28,0.008993132,0.004148495045064093,0.004109008825610383
2015-10-29,0.002716409,0.0047994469401604345,0.004759960720706724
2015-10-30,-0.001893821,-0.0006731835724410606,-0.0007126697918947711
2015-10-31,0.0,0.0,-0.0003276733497740149
2015-11-02,0.001354358,0.004010962496825643,0.0039319884987565334
2015-11-03,0.000282095,-0.001826333998452223,-0.0018658202179059336
2015-11-04,0.001700838,3.13117672554597e-05,-8.174452198250748e-06
2015-11-05,0.004064823,0.003638349337144575,0.0035988631176908648
2015-11-06,-0.001382422,-0.0004605703326567845,-0.0005000565521104949
2015-11-09,-0.010171388,-0.008496850204580242,-0.008615313540487723
2015-11-10,-0.003017022,-0.00019131702682995133,-0.00023080324628366178
2015-11-11,0.004530406,0.005772733062226365,0.005733246842772655
2015-11-12,-0.007575175,-0.0055379307908012265,-0.005577417010254937
2015-11-13,-0.006774561,-0.0023869472283952753,-0.0024264334478489857
2015-11-16,-0.002237577,0.0025270603630520583,0.0024085970271445767
2015-11-17,0.024045669,0.014832447707552543,0.014792961488098832
2015-11-18,0.0041357,0.002063903335227435,0.0020244171157737245
2015-11-19,0.001867187,0.0011549448457206513,0.0011154586262669408
2015-11-20,0.000895013,0.0017932315431679058,0.0017537453237141953
2015-11-23,-0.008762415,-0.006087738958447386,-0.006206202294354868
2015-11-24,-0.012451618,-0.008451517032841305,-0.008491003252295015
2015-11-25,0.013466811,0.0036134539919323583,0.003573967772478648
2015-11-26,0.003551942,0.004212178213935269,0.004172691994481559
2015-11-27,0.003751407,0.004467448234424465,0.004427962014970754
2015-11-30,0.000204744,0.0016828510046698053,0.0015643876687623237
2015-12-01,0.000892457,0.003952103410387764,0.0039126171909340535
2015-12-02,0.002275683,-0.00046396949133820087,-0.0005034557107919113
2015-12-03,-0.016360026,-0.007755536115716333,-0.007795022335170043
2015-12-04,-0.00554075,-0.0038764122695894576,-0.003915898489043168
2015-12-07,0.003544072,0.006040423053551569,0.0059219597176440875
2015-12-08,-0.01401954,-0.010760177279652505,-0.010799663499106216
2015-12-09,-0.008506566,-0.006837877371461798,-0.006877363590915508
2015-12-10,7.54e-05,-0.0016519342881015087,-0.0016914205075552191
2015-12-11,-0.014619906,-0.012085943238424934,-0.012125429457878645
2015-12-14,-0.013068411,-0.007491766636154806,-0.007610229972062288
2015-12-15,0.023661568,0.016876813216385678,0.016837326996931967
2015-12-16,0.00282167,0.0025801408331214137,0.0025406546136677033
2015-12-17,0.006089467,0.006162101365372541,0.0061226151459188305
2015-12-18,-0.005438837,-0.0034649471945384924,-0.003504433413992203
2015-12-21,-0.007057575,-0.007238771121555243,-0.007357234457462725
2015-12-22,-0.002662992,-0.0018393349458072361,-0.0018788211652609466
2015-12-23,0.020818384,0.015406645300142241,0.01536715908068853
2015-12-24,0.0,0.0,-3.948621945371045e-05
2015-12-25,0.0,0.0,-3.948621945371045e-05
2015-12-28,0.003991427,0.006444887474857275,0.006326424138949793
2015-12-29,0.015642597,0.012187065796958274,0.012147579577504564
2015-12-30,-0.00650895,-0.003942584773456104,-0.003982070992909814
2015-12-31,0.0,0.0,-3.948621945371045e-05
2016-01-01,0.0,0.0,-3.948621945371045e-05
2016-01-04,-0.018113101,-0.013872990913814442,-0.013991454249721924
2016-01-05,0.004749559,0.0031855155305302585,0.003146029311076548
2016-01-06,-0.010357058,-0.009496033623178302,-0.009535519842632012
2016-01-07,-0.018954266,-0.013364779017005057,-0.013404265236458768
2016-01-08,-0.02101958,-0.009848577383571033,-0.009888063603024744
2016-01-11,-0.004833852,-0.003989758302522239,-0.004108221638429721
2016-01-12,0.013861426,0.009989555579201559,0.009950069359747848
2016-01-13,0.009292438,0.009575202776112901,0.00953571655665919
2016-01-14,-0.013320328,-0.01397257004247332,-0.01401205626192703
2016-01-15,-0.023742859,-0.018298430160518686,-0.018337916379972397
2016-01-18,-0.001857825,-0.006995998461967523,-0.007114461797875005
2016-01-19,0.015665199,0.014762522278935819,0.014723036059482109
2016-01-20,-0.029591256,-0.019318235896468527,-0.019357722115922238
2016-01-21,0.007785936,0.0023704723320778776,0.002330986112624167
2016-01-22,0.028111627,0.022004592524899946,0.021965106305446236
2016-01-25,-0.001283113,0.005093921138914936,0.004975457803007455
2016-01-26,0.007451381,0.006475335573794538,0.006435849354340828
2016-01-27,0.001889575,0.004872382808796427,0.004832896589342717
2016-01-28,-0.01759191,-0.005006310838354677,-0.005045797057808388
2016-01-29,0.01978289,0.018495184767601147,0.018455698548147437
2016-01-31,0.0,0.0,-0.00034208552701601205
2016-02-01,-0.000671258,0.0006703852252223363,0.0006308990057686259
2016-02-02,-0.012519582,-0.005869859491635876,-0.005909345711089586
2016-02-03,-0.008479274,-0.003896162025638805,-0.003935648245092516
2016-02-04,-0.01372084,-0.011918736453267575,-0.011958222672721286
2016-02-05,-0.005179589,-0.005407426014615302,-0.005446912234069012
2016-02-08,-0.026064235,-0.02233266081040497,-0.02245112414631245
2016-02-09,-0.022607017,-0.01901510974596954,-0.01905459596542325
2016-02-10,0.019102736,0.015881304569930643,0.015841818350476933
2016-02-11,-0.029428819,-0.020593867206269545,-0.020633353425723255
2016-02-12,0.020256059,0.012202128952791158,0.012162642733337448
2016-02-15,0.025513127,0.024377630385141513,0.02425916704923403
2016-02-16,-0.003854556,0.001410917759576913,0.0013714315401232025
2016-02-17,0.017146971,0.010843031418423799,0.010803545198970088
2016-02-18,-0.001678519,0.004762588299217274,0.004723102079763564
2016-02-19,-0.005939931,-0.003898241075196429,-0.00393772729465014
2016-02-22,0.011933751,0.008309831376626109,0.008191368040718627
2016-02-23,-0.017148871,-0.00801299538265099,-0.0080524816021047
2016-02-24,-0.014568722,-0.008082976478008264,-0.008122462697461974
2016-02-25,0.02043733,0.01707547457223013,0.01703598835277642
2016-02-26,0.010602562,0.004550489640981148,0.0045110034215274375
2016-02-29,-0.003259887,-0.002049277038285391,-0.0021677403741928725
2016-03-01,0.015138107,0.01130559582022217,0.011266109600768459
2016-03-02,0.00763769,-0.0005468044780567727,-0.0005862906975104831
2016-03-03,-0.004464212,-0.004637320762662878,-0.004676806982116588
2016-03-04,0.005150853,0.006517902444632684,0.006478416225178973
2016-03-07,0.004320319,0.001806494458886032,0.0016880311229785505
2016-03-08,-0.005631876,-0.0010555042209977605,-0.001094990440451471
2016-03-09,0.000565666,0.002325674340614148,0.0022861881211604373
2016-03-10,-0.009869259,-0.00467527427988268,-0.00471476049933639
2016-03-11,0.013738263,0.01444220620364578,0.01440271998419207
2016-03-14,0.002706401,0.001823343710507741,0.0017048803746002594
2016-03-15,-0.008401115,-0.0054217272415547635,-0.005461213461008474
2016-03-16,-0.003287259,0.0035128630546152895,0.003473376835161579
2016-03-17,-0.005302221,-0.003506860796814615,-0.0035463470162683253
2016-03-18,-0.004563853,0.00038404568335659306,0.0003445594639028826
2016-03-21,0.003812224,0.001131358301323937,0.0010128949654164554
2016-03-22,0.000411183,-0.0015954114961299615,-0.001634897715583672
2016-03-23,0.004372563,0.0024752195714425884,0.002435733351988878
2016-03-24,-0.014041288,-0.006614896781421353,-0.006654383000875064
2016-03-25,0.0,0.0,-3.948621945371045e-05
2016-03-28,0.0,0.0,-0.00011846333590748159
2016-03-29,0.003108657,0.0045660599384871325,0.004526573719033422
2016-03-30,0.006772251,0.005884549215076085,0.005845062995622374
2016-03-31,-0.003503538,0.001898245590256309,0.0018587593708025985
2016-04-01,-0.011184846,-0.001225194890205672,-0.0012646811096593824
2016-04-04,0.00537235,0.0024473594317868663,0.0023288960958793847
2016-04-05,-0.007166382,-0.0012361982891870849,-0.0012756845086407953
2016-04-06,0.01137233,0.009443131847631347,0.009403645628177637
2016-04-07,-0.001163593,-5.382819622257173e-07,-4.0024501415936165e-05
2016-04-08,0.007738588,0.003847823087206992,0.0038083368677532814
2016-04-11,-0.000291992,0.00034942596247611313,0.00023096262656863153
2016-04-12,0.003885592,0.0005056567102319498,0.00046617049077823935
2016-04-13,0.01672589,0.006876998699297365,0.006837512479843655
2016-04-14,0.009378808,0.005340635003006966,0.005301148783553256
2016-04-15,-0.001257169,-0.00334473723611195,-0.0033842234555656603
2016-04-18,0.00340398,0.001252165360537516,0.0011337020246300344
2016-04-19,0.012859011,0.009309470572931522,0.009269984353477811
2016-04-20,0.003466121,0.0023924121830314338,0.0023529259635777233
2016-04-21,-0.004448871,-0.007405353048708929,-0.00744483926816264
2016-04-22,-0.005187189,-0.004739539917957725,-0.004779026137411435
2016-04-25,-0.00323543,0.0034779826491113663,0.0033595193132038847
2016-04-26,0.001051548,0.002554189854950595,0.0025147036354968844
2016-04-27,0.002455267,0.0015695064944054593,0.0015300202749517489
2016-04-28,0.001342656,0.000330188159886724,0.00029070194043301356
2016-04-29,-0.014848309,-0.008356514420973515,-0.008396000640427226
2016-04-30,0.0,0.0,-0.0003660093311004339
2016-05-02,0.002841194,0.004341130721175812,0.004262156723106703
2016-05-03,-0.014074933,-0.005115658522330202,-0.0051551447417839125
2016-05-04,-0.011006772,-0.008362617731373811,-0.008402103950827522
2016-05-05,0.0,0.0,-3.948621945371045e-05
2016-05-06,-0.00095977,0.003728933600429807,0.0036894473809760964
2016-05-09,0.010286809,0.004771956097930463,0.0046534927620229816
2016-05-10,0.012611383,0.004402409273874142,0.004362923054420431
2016-05-11,4.32e-05,0.0002002273882759642,0.00016074116882225375
2016-05-12,-0.004009549,-0.001663768633225149,-0.0017032548526788593
2016-05-13,0.005083416,0.005533092284053964,0.005493606064600254
2016-05-16,0.0,0.0,-0.00011846333590748159
2016-05-17,-0.000940372,-0.00039430818732666406,-0.0004337944067803745
2016-05-18,0.007087453,-0.00014146583376350996,-0.0001809520532172204
2016-05-19,-0.00610758,-0.004262382784370744,-0.0043018690038244545
2016-05-20,0.010915828,0.010881616832965957,0.010842130613512246
2016-05-23,0.005190084,0.006854274586744813,0.006735811250837331
2016-05-24,0.00949071,0.006163103819912807,0.006123617600459097
2016-05-25,0.004616576,0.005421978289884999,0.005382492070431288
2016-05-26,0.007204947,0.0066171375344430405,0.00657765131498933
2016-05-27,0.006462121,0.0020487919838982904,0.00200930576444458
2016-05-30,-0.001282116,-0.00019847745798373673,-0.0003169407938912183
2016-05-31,-0.006157136,0.0013738069860262936,0.0013343207665725831
2016-06-01,-0.003647857,-0.002335575377658494,-0.0023750615971122047
2016-06-02,0.00166121,-0.0005930372895111002,-0.0006325235089648107
2016-06-03,-0.005745403,0.0013757504264226839,0.0013362642069689734
2016-06-06,0.002089868,0.000366564030745975,0.0002481006948384934
2016-06-07,0.005969105,0.0037251617257945124,0.003685675506340802
2016-06-08,-0.008518637,-0.004744303387897664,-0.004783789607351374
2016-06-09,-0.00780673,-0.004708942945509387,-0.004748429164963097
2016-06-10,-0.018186745,-0.013066184182950136,-0.013105670402403846
2016-06-13,-0.017529026,-0.0177015091504219,-0.017819972486329383
2016-06-14,-0.017973356,-0.011185339630297997,-0.011224825849751707
2016-06-15,0.00569035,0.004331176683941118,0.004291690464487408
2016-06-16,-0.006887247,-0.008085760787476803,-0.008125247006930514
2016-06-17,0.010394056,0.008333362281423007,0.008293876061969296
2016-06-20,0.023896047,0.019301040472913922,0.01918257713700644
2016-06-21,0.003952227,0.0025260831920987936,0.002486596972645083
2016-06-22,0.003908741,0.0019101104610927955,0.001870624241639085
2016-06-23,0.006539819,0.005468112562564409,0.0054286263431106985
2016-06-24,-0.033143051,-0.019416783861038622,-0.019456270080492333
2016-06-27,-0.022804341,-0.023148252074485343,-0.023266715410392824
2016-06-28,0.023638795,0.02739388092809847,0.027354394708644758
2016-06-29,0.025501741,0.02147251982092202,0.02143303360146831
2016-06-30,0.005550124,0.003511054739930408,0.0034715685204766977
2016-07-01,0.008818483,0.009093314800198815,0.009053828580745105
2016-07-04,-0.003618116,0.00021856482898097163,0.00010010149307349003
2016-07-05,-0.014982229,-0.01305111433188555,-0.01309060055133926
2016-07-06,-0.006647571,-0.011741371854431804,-0.011780858073885514
2016-07-07,0.008678542,0.00985660146115852,0.00981711524170481
2016-07-08,0.009646766,0.016364848160239198,0.016325361940785488
2016-07-11,0.012632632,0.011846875487551811,0.01172841215164433
2016-07-12,0.003099976,0.0003060863826715998,0.0002666001632178894
2016-07-13,0.000623073,0.0042607156001039925,0.004221229380650282
2016-07-14,0.003373159,-0.0007006779306563127,-0.0007401641501100231
2016-07-15,-0.002641753,-0.002742338840780567,-0.0027818250602342776
2016-07-18,0.001693296,0.004030299772871393,0.003911836436963911
2016-07-19,-0.005280624,-0.0010547420473119296,-0.00109422826676564
2016-07-20,0.01062414,0.007002729579522304,0.006963243360068594
2016-07-21,-0.002764303,-0.005823995631095147,-0.005863481850548857
2016-07-22,0.001922092,0.0036228492726715356,0.003583363053217825
2016-07-25,0.000110396,-0.000678401928349337,-0.0007968652642568186
2016-07-26,0.003753034,0.0038141628417507345,0.003774676622297024
2016-07-27,7.41e-05,-0.00033020258120575186,-0.0003696888006594623
2016-07-28,-0.013293118,-0.006224462487967042,-0.006263948707420752
2016-07-29,0.00392783,0.001116745446040568,0.0010772592265868575
2016-07-31,0.0,0.0,-0.0004604770629304461
2016-08-01,0.0,0.0,-3.948621945371045e-05
2016-08-02,-0.01294035,-0.006784558041570965,-0.006824044261024675
2016-08-03,-0.000534774,-0.0006142353601894524,-0.0006537215796431628
2016-08-04,0.008981204,0.013513334942391486,0.013473848722937776
2016-08-05,0.012579203,0.004656643712476649,0.004617157493022939
2016-08-08,-0.002004931,-0.0010036075934470867,-0.0011220709293545683
2016-08-09,0.007720529,0.008360145880629721,0.00832065966117601
2016-08-10,-0.001834887,-0.0016637116440757493,-0.0017031978635294598
2016-08-11,0.010053334,0.0075996061012459926,0.007560119881792282
2016-08-12,-3.77e-05,0.002168169323273572,0.0021286831038198617
2016-08-15,0.001323458,0.0016253619790964624,0.0015068986431889808
2016-08-16,-0.010458547,-0.009884092690387813,-0.009923578909841524
2016-08-17,-0.007931288,-0.007956048100960178,-0.007995534320413888
2016-08-18,0.004791179,0.0022290411068448535,0.002189554887391143
2016-08-19,-0.007239473,-0.005469817652806519,-0.0055093038722602294
2016-08-22,0.00334827,0.0016839182819754495,0.0015654549460679679
2016-08-23,0.004867068,0.0028234846438743855,0.002783998424420675
2016-08-24,-0.000340839,-0.0013893447744499632,-0.0014288309939036736
2016-08-25,-0.006387293,-0.002649389940051261,-0.0026888761595049715
2016-08-26,0.003259892,0.001796772810698677,0.0017572865912449664
2016-08-29,0.001522265,-5.5407142433683276e-05,-0.00017387047834116487
2016-08-30,0.005605734,0.0016080693271305346,0.0015685831076768242
2016-08-31,-0.003989276,-0.0017159868215075313,-0.0017554730409612418
2016-09-01,-0.006052184,-0.003950382339325875,-0.003989868558779586
2016-09-02,0.017087893,0.012282876431144674,0.012243390211690963
2016-09-05,0.002497432,0.003962860393705192,0.0038443970577977105
2016-09-06,-0.000844422,-0.0005706923965587141,-0.0006101786160124245
2016-09-07,0.001921769,0.0026616074462844086,0.002622121226830698
2016-09-08,-0.0009607,-0.0009539610525378661,-0.0009934472719915766
2016-09-09,-0.006486809,-0.005079901750766891,-0.005119387970220601
2016-09-12,-0.007390139,-0.0070612419460945874,-0.007179705282002069
2016-09-13,-0.002961232,-0.005208454910263227,-0.005247941129716938
2016-09-14,-0.000524453,0.0035030273220491015,0.003463541102595391
2016-09-15,0.00289389,0.0030784728417778684,0.003038986622324158
2016-09-16,-0.006232541,-0.0037720616884096003,-0.0038115479078633108
2016-09-19,0.007914387,0.007979338374261458,0.007860875038353976
2016-09-20,0.004233821,0.0004197216116810232,0.00038023539222731273
2016-09-21,-0.000579319,-0.002182683459180157,-0.0022221696786338674
2016-09-22,0.009846319,0.008339047180559334,0.008299560961105623
2016-09-23,-0.003599963,-0.0035030331830219197,-0.00354251940247563
2016-09-26,-0.011948883,-0.0051714886324615295,-0.005289951968369011
2016-09-27,0.000933544,0.0010505097699655686,0.001011023550511858
2016-09-28,0.00530423,0.0025184636680883887,0.0024789774486346783
2016-09-29,-0.006066675,-0.0021873954219158165,-0.002226881641369527
2016-09-30,-0.002194818,-0.0005947444681929648,-0.0006342306876466752
2016-10-03,0.003951257,0.0027038393096014968,0.002585375973694015
2016-10-04,0.007508115,0.003050946609272742,0.0030114603898190317
2016-10-05,-0.004264739,-0.005884532596581282,-0.005924018816034993
2016-10-06,-0.002785294,-0.004505674428348483,-0.004545160647802193
2016-10-07,-0.00616673,-0.006219075865255275,-0.006258562084708985
2016-10-10,0.005567804,0.0024481939431422184,0.002329730607234737
2016-10-11,-0.004271894,-0.0026075117267417847,-0.002646997946195495
2016-10-12,-0.00765234,-0.004331886548210595,-0.0043713727676643055
2016-10-13,-0.007754481,-0.004347495812054403,-0.004386982031508113
2016-10-14,0.010792638,0.006706789488740261,0.006667303269286551
2016-10-17,-0.010557443,-0.007298087994377811,-0.0074165513302852926
2016-10-18,0.008589601,0.006680440648491048,0.006640954429037338
2016-10-19,0.002523182,0.00023249052820406568,0.00019300430875035524
2016-10-20,-0.003516777,-0.0010572503253870602,-0.0010967365448407707
2016-10-21,-0.003138696,-0.001362589323588903,-0.0014020755430426135
2016-10-24,-0.005428309,-0.003944833314952545,-0.0040632966508600266
2016-10-25,-0.007155885,-0.0016339627602115492,-0.0016734489796652596
2016-10-26,-0.003941616,-0.004655549988269669,-0.00469503620772338
2016-10-27,0.002709152,-0.0026206684130839486,-0.002660154632537659
2016-10-28,-0.00132205,0.00020342245767057676,0.00016393623821686631
2016-10-31,-0.008167097,-0.00489072985764305,-0.005307966886739041
2016-11-01,-0.007900964,-0.003934535720925947,-0.003974021940379657
2016-11-02,-0.008363373,-0.0059438540716828525,-0.005983340291136563
2016-11-03,-0.006235974,-5.1732608021604065e-05,-9.121882747531451e-05
2016-11-04,-0.006486144,-0.0077076285189623395,-0.00774711473841605
2016-11-07,0.017710925,0.009882398559182048,0.009763935223274567
2016-11-08,0.001494053,0.002484580603021369,0.0024450943835676586
2016-11-09,0.017045883,0.003028692048180792,0.0029892058287270817
2016-11-10,0.002575908,-0.0052844916441247,-0.005323977863578411
2016-11-11,-0.006760986,-0.005429872675441705,-0.005469358894895415
2016-11-14,0.001586945,-0.004633919725215652,-0.004752383061123133
2016-11-15,0.001765509,0.007725096418729205,0.007685610199275494
2016-11-16,0.001201582,0.0012817143648247153,0.001242228145371005
2016-11-17,0.006337479,0.004195249914684895,0.004155763695231185
2016-11-18,-0.005436195,0.0012280053894409004,0.00118851916998719
2016-11-21,-0.006427964,-0.003488862277417182,-0.0036073256133246634
2016-11-22,-0.011742717,-0.003820411127333112,-0.0038598973467868225
2016-11-23,0.000598234,0.0004123097860646574,0.00037282356661094695
2016-11-24,0.005658641,0.0033005673321173656,0.003261081112663655
2016-11-25,0.009736893,0.006078324564227522,0.006038838344773811
2016-11-28,-0.006470778,-0.003259404809743849,-0.0033778681456513304
2016-11-29,0.002688928,0.002712925188398163,0.0026734389689444527
2016-11-30,0.003285539,0.0008497965071325719,0.0008103102876788615
2016-12-01,-0.011019913,-0.010531461689873511,-0.010570947909327222
2016-12-02,-0.000219266,0.0007452596389461164,0.0007057734194924059
2016-12-05,0.007503595,0.0037348798355674173,0.0036164164996599357
2016-12-06,0.007440726,0.006046579556657994,0.006007093337204283
2016-12-07,0.001284884,-0.00101892678618265,-0.0010584130056363605
2016-12-08,0.002282589,0.0013624339600080138,0.0013229477405543033
2016-12-09,0.016419546,0.011912114774771165,0.011872628555317455
2016-12-12,-0.007487548,-0.005453483861554531,-0.005571947197462013
2016-12-13,0.01381323,0.009589224034388,0.00954973781493429
2016-12-14,-0.002412495,-0.0010088982600158225,-0.001048384479469533
2016-12-15,0.007136497,-0.00019347715065853865,-0.0002329633701122491
2016-12-16,0.002325,0.002310067990136888,0.0022705817706831777
2016-12-19,0.001027334,0.005242659667813676,0.0051241963319061945
2016-12-20,0.001146888,0.0018289201632251118,0.0017894339437714013
2016-12-21,-0.000755164,-0.00123873841182498,-0.0012782246312786905
2016-12-22,0.000924296,0.002287632264002415,0.0022481460445487045
2016-12-23,-0.000176212,0.003107021692409173,0.0030675354729554627
2016-12-26,0.0,0.0,-0.00011846333590748159
2016-12-27,0.003629724,0.004845053169598046,0.0048055669501443354
2016-12-28,-5.89e-05,-0.0002776266092391344,-0.00031711282869284485
2016-12-29,-0.000521292,0.0019630906929126724,0.001923604473458962
2016-12-30,-0.00294589,-0.0009016901267905331,-0.0009411763462442435
2016-12-31,0.0,0.0,-3.948621945371045e-05
2017-01-02,0.0,0.0,-7.897399806910954e-05
2017-01-03,0.010647244,0.003073831645396652,0.0030343454259429414
2017-01-04,0.004557915,0.004544382675206515,0.004504896455752805
2017-01-05,0.004361458,0.0025374728408860125,0.002497986621432302
2017-01-06,0.002613168,0.002850222913284073,0.0028107366938303624
2017-01-09,0.001002613,-0.0009371206753183703,-0.0010555840112258519
2017-01-10,0.002575409,0.000797721743640345,0.0007582355241866345
2017-01-11,-0.001993723,-0.002666949523180695,-0.0027064357426344055
2017-01-12,-0.005750213,-0.0025215365426799474,-0.002561022762133658
2017-01-13,0.00848841,0.002446283856250009,0.0024067976367962984
2017-01-16,-0.00905899,-0.00327096167273655,-0.0033894250086440314
2017-01-17,-0.005836548,-0.003959909893912039,-0.00399939611336575
2017-01-18,0.001281346,7.192001280564853e-05,3.243379335193808e-05
2017-01-19,-0.003709165,-0.002862626441120786,-0.0029021126605744962
2017-01-20,-0.000123804,0.00030244656776812207,0.0002629603483144116
2017-01-23,-0.004794697,-0.002504155553990306,-0.0026226188898977876
2017-01-24,0.001049762,0.002933136309603457,0.0028936500901497464
2017-01-25,0.016150492,0.007931444774590846,0.007891958555137135
2017-01-26,0.001988636,-0.0008881734650074691,-0.0009276596844611795
2017-01-27,-0.002529634,0.0028603613689595075,0.002820875149505797
2017-01-30,-0.006770083,-0.005209955805766109,-0.00532841914167359
2017-01-31,-0.002942772,0.0009912972161525424,0.0005009483490300774
2017-02-01,0.004525935,0.004726139515272232,0.004686653295818521
2017-02-02,-0.0052118,-0.0017293827395773453,-0.0017688689590310558
2017-02-03,0.008308592,0.006003844330003005,0.005964358110549295
2017-02-06,-0.002144076,4.687819832205342e-05,-7.158513758542817e-05
2017-02-07,0.005403531,0.0072003744945705606,0.00716088827511685
2017-02-08,0.001006352,0.004321923211597634,0.004282436992143923
2017-02-09,0.00657833,0.0035241386700115562,0.0034846524505578458
2017-02-10,0.002686498,0.0026475171906015227,0.0026080309711478122
2017-02-13,0.000736807,-0.0004793913965701613,-0.0005978547324776429
2017-02-14,-0.003447059,-0.0003876607053110437,-0.00042714692476475413
2017-02-15,0.006526892,0.003141146745264667,0.0031016605258109564
2017-02-16,-0.002059994,-0.0013471846566267542,-0.0013866708760804647
2017-02-17,0.003946226,0.0023880726898923843,0.002348586470438674
2017-02-20,0.001881028,0.0030850088524034813,0.0029665455164959997
2017-02-21,0.005935934,0.0025265676665717773,0.002487081447118067
2017-02-22,0.002029502,0.0030228346789908933,0.002983348459537183
2017-02-23,-0.001632866,-0.0014156770487663284,-0.0014551632682200388
2017-02-24,-0.005339201,-0.004961365430486864,-0.005000851649940574
2017-02-27,0.000456338,0.001060357390843203,0.0009418940549357213
2017-02-28,0.002958418,0.0018972562417569616,0.0018577700223032512
2017-03-01,0.009554739,0.00670536329613447,0.00666587707668076
2017-03-02,0.008215444,-0.0019359143995431038,-0.0019754006189968143
2017-03-03,0.000742584,0.0023695958546445794,0.002330109635190869
2017-03-06,-0.000447526,0.0014823419387970382,0.0013638786028895566
2017-03-07,-0.003071171,0.0020693132560474226,0.002029827036593712
2017-03-08,0.000361809,-0.0017273539344039301,-0.0017668401538576406
2017-03-09,0.001083982,0.0013366235606329102,0.0012971373411791998
2017-03-10,0.003792454,0.002383810093974814,0.0023443238745211037
2017-03-13,0.001447008,-0.0005266028173381843,-0.0006450661532456659
2017-03-14,-0.00204775,0.0008488176729224417,0.0008093314534687313
2017-03-15,0.002781651,0.003662367250794718,0.0036228810313410076
2017-03-16,0.003163351,0.006619000643820483,0.0065795144243667725
2017-03-17,0.003010797,0.0034464344835529737,0.003406948264099263
2017-03-20,0.000260436,0.0031011464534018707,0.002982683117494389
2017-03-21,-0.008898165,-0.005979176659912322,-0.006018662879366032
2017-03-22,-0.005681146,-0.007172097020481383,-0.007211583239935093
2017-03-23,0.007813577,0.007119311250602056,0.007079825031148346
2017-03-24,-0.001424638,-0.003399737843758799,-0.0034392240632125093
2017-03-27,-0.002683898,-0.003422035073941121,-0.0035404984098486025
2017-03-28,0.00087152,-7.113043093065485e-05,-0.0001106166503843653
2017-03-29,0.006779576,0.0027553656175154373,0.002715879398061727
2017-03-30,0.005222693,0.003357135807903866,0.0033176495884501556
2017-03-31,-0.00211529,0.0032567836955712526,0.003217297476117542
2017-04-03,-0.002273336,-0.0004268212650494485,-0.0005452846009569301
2017-04-04,0.001813661,0.001342510714922751,0.0013030244954690406
2017-04-05,0.000243944,0.0032946393923931616,0.003255153172939451
2017-04-06,-9.34e-05,-0.0013156438492127887,-0.001355130068666499
2017-04-07,0.000347698,-0.0011635452414059388,-0.0012030314608596493
2017-04-10,0.004310993,0.0044666232833472375,0.004348159947439756
2017-04-11,0.002191184,0.0016281540712501652,0.0015886678517964548
2017-04-12,0.003556367,0.006230916716706503,0.006191430497252792
2017-04-13,-0.003024012,-0.0005175592905147797,-0.0005570455099684901
2017-04-14,0.0,0.0,-3.948621945371045e-05
2017-04-17,0.0,0.0,-0.00011846333590748159
2017-04-18,-0.010677964,-0.004592295164251081,-0.004631781383704792
2017-04-19,0.002333809,0.0022505367684437783,0.002211050548990068
2017-04-20,0.002902936,0.0012925086526680563,0.0012530224332143458
2017-04-21,-0.000625733,0.0005426953711642479,0.0005032091517105375
2017-04-24,0.017405024,0.009949389262666086,0.009830925926758605
2017-04-25,0.009859861,0.009780747031645776,0.009741260812192065
2017-04-26,0.006460296,0.005106529285826333,0.005067043066372623
2017-04-27,0.002398916,0.0037829405706277797,0.003743454351174069
2017-04-28,-0.002316169,-0.0027554329151064927,-0.002794919134560203
2017-04-30,0.0,0.0,-0.0005515881731337591
2017-05-01,0.0,0.0,-3.948621945371045e-05
2017-05-02,0.008270759,0.012765906973398078,0.012726420753944367
2017-05-03,0.001496229,-0.002160004938504878,-0.0021994911579585885
2017-05-04,0.008860723,0.005172393045748569,0.0051329068262948585
2017-05-05,0.003999831,0.0021125367510050896,0.002073050531551379
2017-05-08,0.004560164,0.004025774537440796,0.0039073112015333145
2017-05-09,0.008894539,0.005936106632618454,0.005896620413164744
2017-05-10,-0.001982346,0.0021305117857779443,0.002091025566324234
2017-05-11,-0.002931949,-0.002364497014891276,-0.0024039832343449863
2017-05-12,0.006651753,0.007563372624341147,0.0075238864048874365
2017-05-15,-0.001129456,0.000699511455345192,0.0005810481194377104
2017-05-16,0.002356177,0.005818616385695474,0.005779130166241764
2017-05-17,-0.015659032,-0.015149282172557288,-0.015188768392010998
2017-05-18,-0.00708182,-0.00924575146593054,-0.009285237685384251
2017-05-19,0.009991181,0.010400410886741485,0.010360924667287774
2017-05-22,0.006883032,0.009574425029966305,0.009455961694058823
2017-05-23,-0.001911979,-0.002070114287686886,-0.0021096005071405965
2017-05-24,-0.00196035,-0.00136000678555237,-0.0013994930050060805
2017-05-25,0.0,0.0,-3.948621945371045e-05
2017-05-26,0.001607781,0.002800803093772064,0.0027613168743183536
2017-05-29,-0.001547837,-0.003126649792442815,-0.0032451131283502965
2017-05-30,-0.002145208,-0.0009210439985806174,-0.0009605302180343278
2017-05-31,0.000146379,0.003426443603622209,0.0033869573841684986
2017-06-01,0.001834349,0.002815908782093146,0.0027764225626394357
2017-06-02,0.002184527,0.0027465916805693436,0.002707105461115633
2017-06-05,0.0,0.0,-0.00011846333590748159
2017-06-06,-0.013164109,-0.0032637728216982076,-0.003303259041151918
2017-06-07,-0.003055746,-0.0024169671696764317,-0.002456453389130142
2017-06-08,-0.006781178,-0.006157151907102865,-0.006196638126556575
2017-06-09,0.004083557,0.0013830521973610121,0.0013435659779073017
2017-06-12,-0.006561001,-0.008943214581985215,-0.009061677917892696
2017-06-13,0.007357091,0.007443953670139836,0.007404467450686125
2017-06-14,-0.000969954,0.003188432682327491,0.0031489464628737807
2017-06-15,-0.000751949,-0.0037292741191131684,-0.003768760338566879
2017-06-16,0.012802667,0.014018576696175788,0.013979090476722078
2017-06-19,0.007221514,0.0031381352213797342,0.0030196718854722526
2017-06-20,-0.00162794,-0.005402842062776081,-0.005442328282229791
2017-06-21,-0.003742092,-0.005393937071118127,-0.005433423290571837
2017-06-22,0.006073937,0.0013707949739429903,0.0013313087544892799
2017-06-23,-0.001980371,-0.0007244072548563407,-0.0007638934743100512
2017-06-26,0.008065662,0.005128004168644562,0.0050095408327370805
2017-06-27,-0.005848315,-0.00770597665481465,-0.007745462874268361
2017-06-28,-0.000340844,-0.001701469787140586,-0.0017409560065942964
2017-06-29,-0.013942464,-0.010055689281300517,-0.010095175500754228
2017-06-30,-0.002224429,0.003159974715245095,0.0031204884957913848
2017-07-03,0.01038176,0.003933694780188235,0.0038152314442807533
2017-07-04,-0.004368011,-0.0043509759778433965,-0.004390462197297107
2017-07-05,-0.000806769,0.0011854398269610655,0.001145953607507355
2017-07-06,-0.007945528,-0.010115948978963063,-0.010155435198416773
2017-07-07,0.001045578,0.0036983281210323238,0.0036588419015786133
2017-07-10,0.00621647,0.003676072265111241,0.0035576089292037594
2017-07-11,-0.007260331,-0.0060302074210313306,-0.006069693640485041
2017-07-12,0.015339783,0.011041955664980119,0.011002469445526408
2017-07-13,-0.001281432,-0.0010861514416796725,-0.001125637661133383
2017-07-14,0.003695925,0.0017793816499083182,0.0017398954304546077
2017-07-17,0.001324077,0.0017967964588574414,0.0016783331229499598
2017-07-18,-0.006234655,-0.0003932044925373246,-0.00043269071199103504
2017-07-19,0.004890353,0.0024792991246791463,0.002439812905225436
2017-07-20,0.000690774,-0.0005951164147772747,-0.0006346026342309852
2017-07-21,-0.009816809,-0.00984193717475923,-0.00988142339421294
2017-07-24,-0.004571675,-0.005165605812952001,-0.005284069148859483
2017-07-25,0.003000624,0.0036739469331901198,0.0036344607137364093
2017-07-26,0.006204571,0.004745470453175082,0.004705984233721372
2017-07-27,0.003052368,0.0025071235201408193,0.002467637300687109
2017-07-28,8.96e-05,-0.0003753974330106269,-0.00041488365246433734
2017-07-31,0.004577364,0.0037528662081818265,0.003306737363577792
2017-08-01,0.0,0.0,-3.948621945371045e-05
2017-08-02,0.00757963,0.006896559203199315,0.006857072983745605
2017-08-03,0.001364947,-0.0001434927368820782,-0.00018297895633578865
2017-08-04,0.004431474,0.0014564931772156342,0.0014170069577619238
2017-08-07,-0.002251899,-0.0014352240496218194,-0.001553687385529301
2017-08-08,0.000549618,-0.000555598853204331,-0.0005950850726580414
2017-08-09,-0.014217019,-0.010611111967068432,-0.010650598186522142
2017-08-10,-0.009270767,-0.008843451450238127,-0.008882937669691837
2017-08-11,-0.007391389,-0.007176622459804327,-0.0072161086792580376
2017-08-14,0.01628622,0.015211673524481162,0.01509321018857368
2017-08-15,-0.002105689,-0.003303906461107342,-0.0033433926805610525
2017-08-16,0.002981879,0.0001575779392100074,0.00011809171975629695
2017-08-17,-0.008220022,-0.0033740988284354234,-0.003413585047889134
2017-08-18,-0.007643136,-0.004906312970675564,-0.004945799190129274
2017-08-21,0.000907803,0.0008691806139868863,0.0007507172780794047
2017-08-22,0.009422129,0.0073016115092687794,0.007262125289815069
2017-08-23,-0.000900469,-0.0018086473042840945,-0.001848133523737805
2017-08-24,-0.001622501,-0.0018596304076945458,-0.0018991166271482562
2017-08-25,-0.003593339,-0.0007620054020182065,-0.000801491621471917
2017-08-28,-0.005210736,-0.005894417136933061,-0.006012880472840543
2017-08-29,-0.006788574,-0.010211886094384615,-0.010251372313838325
2017-08-30,0.005116523,0.007922314377917683,0.007882828158463973
2017-08-31,0.00811267,0.005870105862924246,0.005830619643470536
2017-09-01,0.002321852,0.002176102967067939,0.0021366167476142284
2017-09-04,-0.008154222,-0.006414253359972921,-0.006532716695880403
2017-09-05,0.000602906,0.0013320760232442552,0.0012925898037905448
2017-09-06,-0.00164662,-0.003184128907244621,-0.0032236151266983315
2017-09-07,0.005859247,0.006184117977099168,0.006144631757645458
2017-09-08,0.000879374,0.0012614967705626423,0.0012220105511089319
2017-09-11,0.008347698,0.008662662757640716,0.008544199421733234
2017-09-12,0.007821485,0.0031275189184112318,0.0030880326989575213
2017-09-13,-0.000404238,0.0002193631610922786,0.00017987694163856816
2017-09-14,0.002066509,0.0020135417264368627,0.0019740555069831522
2017-09-15,-0.004946112,-0.005535724890493698,-0.005575211109947409
2017-09-18,0.002905961,0.0020547580667276133,0.0019362947308201317
2017-09-19,0.00430326,0.003005876475314029,0.0029663902558603183
2017-09-20,0.000576062,0.0006679924540726745,0.000628506234618964
2017-09-21,0.002783338,-0.0017530073571793148,-0.0017924935766330252
2017-09-22,0.000510766,0.0008650170896029596,0.0008255308701492492
2017-09-25,0.00035793,0.002063779951735789,0.0019453166158283075
2017-09-26,-0.003347796,-0.0036366724181230436,-0.003676158637576754
2017-09-27,-0.002072211,-0.0028152455408688715,-0.002854731760322582
2017-09-28,0.002570325,0.005979679950893768,0.005940193731440058
2017-09-29,0.005035118,0.005895281507716232,0.005855795288262522
2017-09-30,0.0,0.0,-3.948621945371045e-05
2017-10-02,0.008905625,0.004280980655840594,0.004202006657771484
2017-10-03,0.004910644,0.004596269593284852,0.004556783373831141
2017-10-04,0.000421067,-0.0004880329035078512,-0.0005275191229615617
2017-10-05,-0.00182889,0.0006630490736074801,0.0006235628541537697
2017-10-06,-0.001786861,-0.0016658001072965556,-0.001705286326750266
2017-10-09,0.001247359,0.0023113399988912153,0.0021928766629837337
2017-10-10,0.001142697,0.0012865127075798455,0.001247026488126135
2017-10-11,0.00013606,-5.821336579048264e-05,-9.769958524419309e-05
2017-10-12,0.003803496,0.00399900144704457,0.00395951522759086
2017-10-13,0.001701605,-0.002388343409657434,-0.0024278296291111445
2017-10-16,-0.004059816,-0.003932029122272973,-0.004050492458180455
2017-10-17,-0.00127923,-0.0019444692157059018,-0.0019839554351596123
2017-10-18,0.004547271,0.0058231103307915255,0.005783624111337815
2017-10-19,-0.008187341,-0.008972503569966594,-0.009011989789420305
2017-10-20,0.000610563,0.0025721949655592713,0.002532708746105561
2017-10-23,0.001589906,0.00019279103765579286,7.432770174831127e-05
2017-10-24,-0.004921075,-0.0028946263676296047,-0.002934112587083315
2017-10-25,-0.009779595,-0.005273909386452891,-0.005313395605906601
2017-10-26,0.012231218,0.009012729072504833,0.008973242853051122
2017-10-27,-0.001167558,-0.0018795085135765444,-0.0019189947330302548
2017-10-30,-0.00013294,0.0020491266155027166,0.001930663279595235
2017-10-31,0.007098045,0.006832937438513431,0.0064973672286226586
2017-11-01,0.003281657,0.006971555808313434,0.006932069588859724
2017-11-02,-0.000516016,-0.0038679556881837662,-0.003907441907637477
2017-11-03,0.00547316,0.0043183331831337934,0.004278846963680083
2017-11-06,-0.003194939,-0.002651045309571498,-0.0027695086454789797
2017-11-07,-0.006763154,-0.004511697198461451,-0.004551183417915161
2017-11-08,0.004302042,0.003246166608139589,0.0032066803886858786
2017-11-09,-0.010075053,-0.008701670875406409,-0.00874115709486012
2017-11-10,-0.003891069,-0.0017590824787316883,-0.0017985686981853988
2017-11-13,0.001612111,-0.0020064677039429712,-0.002124931039850453
2017-11-14,-0.002610464,0.00012809247274780944,8.860625329409899e-05
2017-11-15,-0.004803946,-0.0023746160216860934,-0.002414102241139804
2017-11-16,0.007387024,0.005199166890644147,0.005159680671190436
2017-11-17,0.003228781,-0.0005469198552328081,-0.0005864060746865185
2017-11-20,0.011539681,0.006624757458544961,0.006506294122637479
2017-11-21,0.003511103,0.0035299468086742447,0.0034904605892205343
2017-11-22,-0.003861701,-0.003530884559774128,-0.0035703707792278383
2017-11-23,0.002338772,0.0010537459800983306,0.0010142597606446202
2017-11-24,0.001145582,0.0011114632058122353,0.001071976986358525
2017-11-27,-0.005924385,-0.005089816848220519,-0.005208280184128
2017-11-28,0.005898514,0.0034034989869440313,0.003364012767490321
2017-11-29,-0.003025999,0.00041329468509410106,0.0003738084656403906
2017-11-30,0.001867661,0.002695467928657269,0.0026559817092035587
2017-12-01,-0.005304948,-0.004161925678573097,-0.004201411898026808
2017-12-04,0.006269359,0.0046646636335299085,0.004546200297622427
2017-12-05,-0.003654697,-0.0032702636852893763,-0.0033097499047430867
2017-12-06,0.001640079,-0.0007862735607191418,-0.0008257597801728522
2017-12-07,-0.002875285,0.004518627057142899,0.004479140837689188
2017-12-08,0.005414465,0.004304481988550268,0.004264995769096558
2017-12-11,-0.001398477,0.0007402977223147644,0.0006218343864072828
2017-12-12,0.004193813,0.0018987041214040268,0.0018592179019503163
2017-12-13,0.002984136,0.001126189206801742,0.0010867029873480316
2017-12-14,-0.000876115,0.0017849328269741171,0.0017454466075204067
2017-12-15,0.000536184,0.002189586526806009,0.0021501003073522984
2017-12-18,0.005897649,0.004139031830249218,0.004020568494341736
2017-12-19,-0.004382273,-0.002944667915492749,-0.0029841541349464595
2017-12-20,-0.008617326,-0.004487277724436467,-0.0045267639438901774
2017-12-21,0.010229019,0.002898777476374459,0.0028592912569207485
2017-12-22,-0.002260509,-0.0023648904206127197,-0.00240437664006643
2017-12-25,0.0,0.0,-0.00011846333590748159
2017-12-26,0.0,0.0,-3.948621945371045e-05
2017-12-27,0.004424347,0.006492816261030487,0.006453330041576777
2017-12-28,-0.002273236,-0.0008734649230541791,-0.0009129511425078896
2017-12-29,-0.002589193,-0.0016960020800496078,-0.0017354882995033183
2017-12-31,0.0,0.0,-7.897399806910954e-05
2018-01-01,0.0,0.0,-3.948621945371045e-05
2018-01-02,0.0,0.0,-3.948621945371045e-05
2018-01-03,0.009876752,0.007362308100701487,0.007322821881247776
2018-01-04,0.003206941,0.0011438102631788905,0.00110432404372518
2018-01-05,0.005772769,0.004288386715091574,0.004248900495637864
2018-01-08,-0.000988554,0.0004078888585814511,0.0002894255226739695
2018-01-09,0.007550776,0.008204164451695473,0.008164678232241762
2018-01-10,-0.009109285,-0.0069191454102199845,-0.006958631629673695
2018-01-11,-0.00213421,-0.0009609280702708167,-0.0010004142897245272
2018-01-12,0.004428877,0.004306676021275102,0.004267189801821392
2018-01-15,-0.000314106,0.0025854670350902165,0.002467003699182735
2018-01-16,-0.006390039,-0.003367725525234122,-0.0034072117446878325
2018-01-17,-0.00131454,-0.00011644850298009324,-0.00015593472243380369
2018-01-18,0.0007465,-0.002559347768596121,-0.0025988339880498312
2018-01-19,0.005796467,0.002490001300768263,0.0024505150813145526
2018-01-22,0.001444881,0.002186728572697083,0.0020682652367896015
2018-01-23,0.0024491,0.0035421867334577417,0.0035027005140040313
2018-01-24,-0.000797065,0.0011288608138984024,0.001089374594444692
2018-01-25,-0.007524822,-0.007459575019653331,-0.007499061239107041
2018-01-26,0.003344512,0.003071226459350873,0.0030317402398971627
2018-01-29,-0.005768615,-0.005291475760953346,-0.005409939096860827
2018-01-30,-0.003529502,-0.004774758073837759,-0.00481424429329147
2018-01-31,-0.007772447,-0.0006376429354624236,-0.0010800912373475644
2018-02-01,-0.003623765,-0.00023659168789247342,-0.00027607790734618387
2018-02-02,-0.008796527,-0.010208378110353133,-0.010247864329806844
2018-02-05,-0.013689562,-0.015842556107447003,-0.015961019443354485
2018-02-06,-0.026701698,-0.022728143404226353,-0.022767629623680063
2018-02-07,0.017035397,0.020913071128682903,0.020873584909229193
2018-02-08,-0.024131203,-0.021683786373679403,-0.021723272593133114
2018-02-09,-0.009552079,-0.010834410067704359,-0.010873896287158069
2018-02-12,0.016071669,0.014667797522414983,0.014549334186507501
2018-02-13,-0.007619091,-0.004136364781964108,-0.0041758510014178185
2018-02-14,0.015519687,0.011289488037379058,0.011250001817925348
2018-02-15,0.002765685,0.005172854692785389,0.005133368473331679
2018-02-16,0.007613366,0.008692967027748244,0.008653480808294534
2018-02-19,-0.00895922,-0.006171480149636865,-0.006289943485544347
2018-02-20,0.007032576,0.005405718763667355,0.005366232544213645
2018-02-21,0.001340368,0.00014505394012309658,0.00010556772066938613
2018-02-22,-0.002320517,-0.0018283072749646356,-0.001867793494418346
2018-02-23,-0.001635212,0.003795008435489189,0.0037555222160354784
2018-02-26,0.008505774,0.008381854816681189,0.008263391480773707
2018-02-27,-0.003601255,-0.005159286444997524,-0.005198772664451234
2018-02-28,-0.00941854,-0.008142425309547452,-0.008181911529001162
2018-03-01,-0.013391652,-0.010418027973043364,-0.010457514192497075
2018-03-02,-0.017877238,-0.013242102276505907,-0.013281588495959618
2018-03-05,0.020186493,0.014983853902625022,0.01486539056671754
2018-03-06,0.001919935,0.0022168944536820057,0.002177408234228295
2018-03-07,0.001383798,-0.00011272845179366442,-0.00015221467124737487
2018-03-08,0.012719053,0.01140124065291337,0.011361754433459659
2018-03-09,0.004853497,0.0028737677767021186,0.002834281557248408
2018-03-12,0.003599603,0.0025507805528874883,0.0024323172169800067
2018-03-13,-0.00914236,-0.004581383957692475,-0.004620870177146186
2018-03-14,-0.0010635,-0.001475495235429003,-0.0015149814548827134
2018-03-15,0.006806842,0.0037359826958880404,0.00369649647643433
2018-03-16,-0.000788972,-0.0023476137234912375,-0.002387099942944948
2018-03-19,-0.006955586,-0.0036683713511322935,-0.003786834687039775
2018-03-20,0.003632078,0.0007247403779153672,0.0006852541584616567
2018-03-21,-0.00618283,-0.003874163771689032,-0.0039136499911427425
2018-03-22,-0.016103553,-0.011822215213389664,-0.011861701432843375
2018-03-23,-0.007660932,-0.004964823890503456,-0.005004310109957166
2018-03-26,-0.006287988,-0.00400382581026737,-0.004122289146174851
2018-03-27,0.014614631,0.01088587774655747,0.01084639152710376
2018-03-28,0.011184702,0.00846160663926998,0.00842212041981627
2018-03-29,-0.001149817,-1.9286817844021975e-05,-5.877303729773242e-05
2018-03-30,0.0,0.0,-3.948621945371045e-05
2018-03-31,0.0,0.0,-3.948621945371045e-05
2018-04-02,0.0,0.0,-7.897399806910954e-05
2018-04-03,-0.012222899,-0.007628655790349326,-0.007668142009803036
2018-04-04,-0.00752682,-0.0032887628301919714,-0.003328249049645682
2018-04-05,0.02126716,0.014952557590164561,0.014913071370710851
2018-04-06,-0.003505185,-0.0023099115968538975,-0.002349397816307608
2018-04-09,0.001291526,-0.0015858862527559081,-0.0017043495886633897
2018-04-10,0.008131128,0.005279807273602444,0.005240321054148733
2018-04-11,-0.005438421,-0.005761029648083005,-0.005800515867536715
2018-04-12,0.007862744,0.00638719373365193,0.00634770751419822
2018-04-13,0.000842843,0.002080095869107179,0.0020406096496534687
2018-04-16,0.000616787,0.0034173789616240846,0.003298915625716603
2018-04-17,0.010735194,0.0051444722709514945,0.005104986051497784
2018-04-18,0.001755629,0.0014188960232961456,0.0013794098038424352
2018-04-19,0.000310627,0.003025746941452523,0.0029862607219988124
2018-04-20,-0.002356777,0.0019286001332530223,0.0018891139137993118
2018-04-23,0.001170124,0.0019899968140215663,0.0018715334781140847
2018-04-24,-0.00011227,-0.0007361016184422864,-0.0007755878378959968
2018-04-25,-0.006704312,-0.008785902607467144,-0.008825388826920855
2018-04-26,0.011647005,0.01248132425763071,0.012441838038177
2018-04-27,0.001430638,0.00028029364018156144,0.000240807420727851
2018-04-30,0.003727888,0.0032121828498492544,0.0027939509449992064
2018-05-01,0.0,0.0,-3.948621945371045e-05
2018-05-02,0.002000965,0.0018606334032771343,0.0018211471838234239
2018-05-03,-0.005206723,-0.005387735336145449,-0.00542722155559916
2018-05-04,0.006461686,0.00038034569847478217,0.0003408594790210717
2018-05-07,0.01166982,0.008489916527306685,0.008371453191399203
2018-05-08,-0.002809378,0.001001479103108105,0.0009619928836543945
2018-05-09,0.003996406,0.003055842928382013,0.0030163567089283028
2018-05-10,0.0,0.0,-3.948621945371045e-05
2018-05-11,0.002663951,0.004191113032215865,0.004151626812762155
2018-05-14,0.000259253,-0.0014019487160051858,-0.0015204120519126674
2018-05-15,-0.000755181,-0.002319625765972222,-0.0023591119854259324
2018-05-16,-0.002893315,-0.0046893055727449395,-0.00472879179219865
2018-05-17,0.002391736,0.0022454200289934168,0.0022059338095397063
2018-05-18,-0.004664705,-0.0020712869021458635,-0.002110773121599574
2018-05-21,0.0,0.0,-0.00011846333590748159
2018-05-22,-0.000771872,-0.0016401262300036468,-0.0016796124494573572
2018-05-23,-0.01395699,-0.008354847658837095,-0.008394333878290805
2018-05-24,-0.002255018,-9.902436921505053e-05,-0.00013851058866876098
2018-05-25,-8.11e-05,0.0007530195800276029,0.0007135333605738925
2018-05-28,0.002307049,0.0019804725097316567,0.001862009173824175
2018-05-29,-0.014475826,-0.011036881622985772,-0.011076367842439483
2018-05-30,-0.006180799,-0.002734482577098296,-0.0027739687965520066
2018-05-31,-0.012076928,-0.006040818045880192,-0.006080304265333902
2018-06-01,0.016645712,0.009474687143352867,0.009435200923899156
2018-06-04,0.002493715,0.0032384587379912233,0.0031199954020837417
2018-06-05,-0.008277227,-0.003820551763409785,-0.0038600379828634956
2018-06-06,0.001667316,-0.0018843513506738852,-0.0019238375701275956
2018-06-07,0.000325523,0.0018178675581279613,0.0017783813386742509
2018-06-08,-0.004253736,-0.0030105310772479132,-0.0030500172967016237
2018-06-11,0.011497763,0.007103170853323126,0.006984707517415645
2018-06-12,0.002669611,0.005457585390634234,0.005418099171180524
2018-06-13,0.000447278,-0.00201497428285502,-0.0020544605023087303
2018-06-14,0.005498573,0.002603540340238686,0.0025640541207849754
2018-06-15,-0.00558038,-0.0037986033695290855,-0.003838089588982796
2018-06-18,-0.013578263,-0.01068984390163108,-0.010808307237538561
2018-06-19,-0.007516693,-0.010049641928052355,-0.010089128147506066
2018-06-20,0.009208959,0.002804178266828883,0.0027646920473751724
2018-06-21,-0.010844611,-0.007043078401062219,-0.00708256462051593
2018-06-22,0.016894405,0.012280929942393604,0.012241443722939893
2018-06-25,-0.016847872,-0.01058331037876925,-0.010701773714676732
2018-06-26,0.002666982,0.0013601241882588155,0.001320637968805105
2018-06-27,0.003249774,0.002593884957173165,0.0025543987377194544
2018-06-28,-0.005874866,-0.005150644322420628,-0.005190130541874338
2018-06-29,0.016319505,0.013174986942358302,0.013135500722904592
2018-06-30,0.0,0.0,-3.948621945371045e-05
2018-07-02,-0.008554035,-0.006512961359401714,-0.006591935357470824
2018-07-03,0.010269608,0.005076524941516114,0.0050370387220624036
2018-07-04,0.002200288,0.0004631853499814653,0.0004236991305277549
2018-07-05,0.001688071,-0.0005722771705765073,-0.0006117633900302177
2018-07-06,0.003170152,0.004950736303747538,0.004911250084293828
2018-07-09,0.007290771,0.004264301612623367,0.004145838276715885
2018-07-10,0.002264317,0.0030327588918397375,0.002993272672386027
2018-07-11,-0.008762964,-0.007118021896810545,-0.007157508116264255
2018-07-12,0.01330861,0.004099198176344743,0.004059711956891032
2018-07-13,0.004029888,0.0028050575710327763,0.002765571351579066
2018-07-16,-0.001019221,-0.0014912978769830998,-0.0016097612128905814
2018-07-17,-0.002503933,-0.002699118226564323,-0.0027386044460180337
2018-07-18,0.011017334,0.00656729300249137,0.00652780678303766
2018-07-19,-0.001458086,-0.0016664367542252867,-0.0017059229736789971
2018-07-20,0.005793062,0.0029862701140013215,0.002946783894547611
2018-07-23,-0.003432894,-0.0006972683445704009,-0.0008157316804778825
2018-07-24,0.004346106,0.00047391899812598837,0.0004344327786722779
2018-07-25,0.000887245,-0.001304441479667795,-0.0013439276991215054
2018-07-26,0.012115558,0.0072183036891508845,0.007178817469697174
2018-07-27,0.003528204,0.0021866999755504324,0.002147213756096722
2018-07-30,-0.001352653,-0.0007355501650506691,-0.0008540135009581507
2018-07-31,-0.000586913,-0.0001929797634916408,-0.0005707259987239519
2018-08-01,0.0,0.0,-3.948621945371045e-05
2018-08-02,-0.001396572,-0.003129318980752971,-0.0031688052002066813
2018-08-03,0.000815041,0.0006243947613184808,0.0005849085418647704
2018-08-06,7.07e-05,0.002435462233184582,0.0023169988972771005
2018-08-07,0.004966707,0.004930151810270678,0.004890665590816967
2018-08-08,-0.002345014,8.659184248216434e-05,4.710562302845389e-05
2018-08-09,-0.001583194,-8.163445436426553e-05,-0.00012112067381797598
2018-08-10,-0.012526975,-0.00824333281384726,-0.00828281903330097
2018-08-13,-0.003056539,-0.005062537894270136,-0.005181001230177618
2018-08-14,0.000711746,0.0019165947626724744,0.001877108543218764
2018-08-15,-0.009569151,-0.006557562577240161,-0.006597048796693872
2018-08-16,0.007454634,0.00456594197816651,0.0045264557587128
2018-08-17,0.000303219,0.001420295240551761,0.0013808090210980506
2018-08-20,0.006488782,0.002779363439784577,0.002660900103877095
2018-08-21,0.002935739,0.004275872305693484,0.004236386086239774
2018-08-22,-0.002795018,0.0009071547902133048,0.0008676685707595944
2018-08-23,0.001072033,0.001357524304930413,0.0013180380854767026
2018-08-24,3.52e-05,-7.76721747860476e-05,-0.00011715839423975805
2018-08-27,0.005193192,0.003917757436237679,0.003799294100330197
2018-08-28,-0.001406915,0.0003178055683603631,0.00027831934890665266
2018-08-29,0.000186255,0.0018969412922775764,0.001857455072823866
2018-08-30,-0.003938278,-0.002005922960252593,-0.0020454091797063034
2018-08-31,-0.005952987,-0.00277822489072721,-0.0028177111101809205
2018-09-03,0.002452436,0.00127175503266308,0.0011532916967555984
2018-09-04,-0.006458816,-0.004689437326559132,-0.004728923546012842
2018-09-05,-0.010368192,-0.006639097126304394,-0.0066785833457581045
2018-09-06,-0.005397578,-0.002415132834562961,-0.0024546190540166712
2018-09-07,0.00224046,-0.0014370646878175686,-0.001476550907271279
2018-09-10,0.009221354,0.00779256450491328,0.007674101169005798
2018-09-11,-0.000560564,-0.0007763114448289254,-0.0008157976642826359
2018-09-12,0.004378045,0.0009219573815850701,0.0008824711621313597
2018-09-13,-0.000209529,-0.0016773578758958463,-0.0017168440953495567
2018-09-14,0.002025564,0.0025813232381108886,0.002541837018657178
2018-09-17,-0.004306244,-0.0012135613077521867,-0.0013320246436596683
2018-09-18,-0.002238391,-0.00279021898027898,-0.0028297051997326905
2018-09-19,0.002145669,-0.0016609569365255705,-0.001700443155979281
2018-09-20,0.006185952,0.0021146366812929696,0.002075150461839259
2018-09-21,-0.00101409,-6.561672850868838e-05,-0.00010510294796239883
2018-09-24,-0.005218349,-0.003141473909850423,-0.0032599372457579046
2018-09-25,0.006932082,0.0022827496533128766,0.002243263433859166
2018-09-26,0.005548658,0.004502573129569365,0.0044630869101156545
2018-09-27,0.002913251,-8.34763734455235e-05,-0.00012296259289923395
2018-09-28,-0.001766887,0.0005658271478778953,0.0005263409284241849
2018-09-30,0.0,0.0,-7.897399806910954e-05
2018-10-01,0.004094258,0.0014039771042568816,0.0013644908848031712
2018-10-02,-0.004037018,-0.002708978843619536,-0.0027484650630732466
2018-10-03,0.008105838,0.0033231034710476948,0.0032836172515939843
2018-10-04,-0.010719658,-0.010598557396648611,-0.010638043616102322
2018-10-05,-0.007499719,-0.00559943531717344,-0.0056389215366271506
2018-10-08,-0.009883878,-0.008208838428603649,-0.00832730176451113
2018-10-09,0.000205806,0.0018342988214774536,0.0017948126020237432
2018-10-10,-0.010931912,-0.012872113475857039,-0.01291159969531075
2018-10-11,-0.026436107,-0.020144799740783537,-0.020184285960237247
2018-10-12,0.002994561,7.356095107624583e-05,3.407473162253538e-05
2018-10-15,-0.001381888,-0.0016285180036076374,-0.001746981339515119
2018-10-16,0.017106664,0.01620556778848381,0.0161660815690301
2018-10-17,-0.004147968,0.0037360761460738523,0.003696589926620142
2018-10-18,0.002696637,0.001444272287064452,0.0014047860676107415
2018-10-19,0.008743631,0.0061816003038097644,0.006142114084356054
2018-10-22,-0.000424126,-0.0022588038121410525,-0.002377267148048534
2018-10-23,-0.014572626,-0.015289170859242307,-0.015328657078696017
2018-10-24,-0.004928406,-2.4024326015670283e-05,-6.351054546938073e-05
2018-10-25,-2.53e-05,0.0034991832052411187,0.0034596969857874083
2018-10-26,-0.003683031,-0.0029397841085031517,-0.002979270327956862
2018-10-29,0.010757348,0.01419990451804587,0.014081441182138388
2018-10-30,0.010497689,0.0038663325789267677,0.0038268463594730573
2018-10-31,0.018609894,0.01782571129390864,0.017486468441995508
2018-11-01,0.000409006,-0.00017075698174640053,-0.00021024320120011097
2018-11-02,-0.002240627,0.00041479496087126755,0.0003753087414175571
2018-11-05,-0.000115862,-0.0009159385563110023,-0.0010344018922184839
2018-11-06,-0.001680671,-0.0005627285509927082,-0.0006022147704464187
2018-11-07,0.005970575,0.005227109212540437,0.005187622993086727
2018-11-08,0.003330131,0.0009435217647761895,0.0009040355453224791
2018-11-09,-0.00174462,0.000426325971921937,0.00038683975246822655
2018-11-12,-0.011433838,-0.010626798193641873,-0.010745261529549355
2018-11-13,0.002720038,0.0008179632123201941,0.0007784769928664836
2018-11-14,-0.009439979,-0.00580921043059357,-0.00584869665004728
2018-11-15,-0.007990423,-0.009074577477016343,-0.009114063696470054
2018-11-16,0.003102876,0.002091334447838822,0.0020518482283851114
2018-11-19,-0.011483565,-0.006529773642253933,-0.006648236978161415
2018-11-20,-0.004941576,-0.004214711035079199,-0.00425419725453291
2018-11-21,0.007978335,0.007979141821169877,0.007939655601716167
2018-11-22,-0.005467249,-0.002223522409921186,-0.0022630086293748963
2018-11-23,0.006938949,0.003728066872700886,0.0036885806532471754
2018-11-26,0.008901126,0.007350210509517341,0.007231747173609859
2018-11-27,-0.003286943,0.00317697779266779,0.0031374915732140796
2018-11-28,-0.000212172,-0.0005646899887807866,-0.000604176208234497
2018-11-29,0.012311454,0.007900233381131772,0.007860747161678061
2018-11-30,-0.000108138,-0.002567841862987308,-0.0026073280824410183
2018-12-03,0.008637741,0.0034988683467014337,0.003380405010793952
2018-12-04,-0.00278687,-0.0009099920291659735,-0.000949478248619684
2018-12-05,-0.015043806,-0.00829513434872231,-0.008334620568176021
2018-12-06,-0.03006932,-0.021114466988929603,-0.021153953208383314
2018-12-07,0.009079995,0.007799555685156889,0.007760069465703179
2018-12-10,-0.021408242,-0.016853242117128575,-0.016971705453036057
2018-12-11,0.018083347,0.008621073474580854,0.008581587255127143
2018-12-12,0.016074022,0.01111195661065012,0.01107247039119641
2018-12-13,-0.004951399,-0.00019303882293397745,-0.0002325250423876879
2018-12-14,-0.011593595,-0.006677062969161263,-0.006716549188614973
2018-12-17,-0.013511229,-0.007791722073048901,-0.007910185408956383
2018-12-18,-0.009740509,-0.009827304437839746,-0.009866790657293456
2018-12-19,0.001329885,-0.0006937756736378198,-0.0007332618930915302
2018-12-20,-0.015606901,-0.0126527902498762,-0.01269227646932991
2018-12-21,0.001429799,-0.0001353901350430453,-0.00017487635449675576
2018-12-24,0.0,0.0,-0.00011846333590748159
2018-12-25,0.0,0.0,-3.948621945371045e-05
2018-12-26,0.0,0.0,-3.948621945371045e-05
2018-12-27,-0.024040544,-0.013781575902137244,-0.013821062121590955
2018-12-28,0.026456949,0.020924279760796027,0.020884793541342317
2018-12-31,0.0,0.0,-0.00011846333590748159
2019-01-01,0.0,0.0,-3.948621945371045e-05
2019-01-02,0.0,0.0,-3.948621945371045e-05
2019-01-03,0.002902322,0.009786030731448792,0.009746544511995081
2019-01-04,0.017721601,0.009998181249591731,0.00995869503013802
2019-01-07,-0.006230253,-0.0004974329435206704,-0.000615896279428152
2019-01-08,0.01074639,0.00794307355835322,0.00790358733889951
2019-01-09,0.006957771,0.006172540251806025,0.006133054032352314
2019-01-10,0.011677109,0.007177875495689934,0.007138389276236223
2019-01-11,0.002608469,0.0024918914277352044,0.002452405208281494
2019-01-14,-0.007236718,-0.004431131552926071,-0.0045495948888335525
2019-01-15,0.007233691,0.0011123223100597546,0.0010728360906060441
2019-01-16,0.00640741,0.00779660524373349,0.007757119024279779
2019-01-17,0.004848089,0.0051472066943991646,0.005107720474945454
2019-01-18,0.011163481,0.005662970923540511,0.005623484704086801
2019-01-21,-0.001219936,-0.0027096757081181977,-0.0028281390440256793
2019-01-22,-0.004441464,-0.004393021579213063,-0.004432507798666774
2019-01-23,0.00026181,0.001907578286936884,0.0018680920674831736
2019-01-24,-0.001616301,0.0016129401302358293,0.0015734539107821188
2019-01-25,-0.001621788,-0.004207993850650293,-0.004247480070104004
2019-01-28,-0.006394185,-0.0038773398770388656,-0.003995803212946347
2019-01-29,0.009403188,0.006157053337462193,0.006117567118008482
2019-01-30,0.004198657,0.004294821504923885,0.004255335285470174
2019-01-31,0.000490999,-0.0014992341032007417,-0.001735825545592942
2019-02-01,0.001517926,-0.0009127279184899528,-0.0009522141379436633
2019-02-04,0.001101582,-0.003129991511285124,-0.0032484548471926056
2019-02-05,0.014858787,0.008135028880549289,0.008095542661095578
2019-02-06,-0.000329017,-0.0011483141703034772,-0.0011878003897571876
2019-02-07,-0.011526849,-0.006786454739650338,-0.006825940959104049
2019-02-08,-0.004230142,-0.0043366844608055954,-0.004376170680259306
2019-02-11,0.006942129,0.006371654997059828,0.006253191661152346
2019-02-12,0.005753714,0.003496146873020356,0.0034566606535666455
2019-02-13,0.003301723,-0.00010238696382991463,-0.00014187318328362508
2019-02-14,0.000827389,0.00187837321665274,0.0018388869971990296
2019-02-15,0.009357179,0.0029586068852418546,0.002919120665788144
2019-02-18,0.003886974,0.004683600168430058,0.004565136832522576
2019-02-19,-0.001940571,-0.0026526414383358787,-0.002692127657789589
2019-02-20,0.006807515,0.0031704241299483904,0.00313093791049468
2019-02-21,0.002333951,0.0046620073068111,0.00462252108735739
2019-02-22,0.001024218,0.001338754962112887,0.0012992687426591765
2019-02-25,0.004582777,-0.0001961666415901675,-0.0003146299774976491
2019-02-26,0.005558529,0.003686711684022903,0.0036472254645691926
2019-02-27,-0.00588715,-0.004631624717998162,-0.004671110937451872
2019-02-28,-0.001665339,-0.0005590405680496735,-0.000598526787503384
2019-03-01,0.003530498,0.002252447436063676,0.0022129612166099655
2019-03-04,0.003917053,0.0003580606236086581,0.0002395972877011765
2019-03-05,0.001385083,0.001383660362541006,0.0013441741430872955
2019-03-06,0.000526146,-0.0011020905265791692,-0.0011415767460328796
2019-03-07,-0.002252564,-0.0008020720777686119,-0.0008415582972223223
2019-03-08,-0.006220534,-0.0020442266797854325,-0.002083712899239143
2019-03-11,0.007778548,0.00405669165075917,0.003938228314851688
2019-03-12,-0.000447594,0.0011420983015133501,0.0011026120820596397
2019-03-13,0.005571648,0.0031717947957266013,0.003132308576272891
2019-03-14,0.009703331,0.007194486501918895,0.007155000282465185
2019-03-15,0.000757331,0.0038446854917097983,0.003805199272256088
2019-03-18,0.000570684,0.0016251469774113403,0.0015066836415038587
2019-03-19,0.003073353,0.0059734660950261365,0.005933979875572426
2019-03-20,-0.005573455,-0.004856320315430707,-0.004895806534884417
2019-03-21,-1.16e-05,-0.0013653631939202215,-0.001404849413373932
2019-03-22,-0.013223766,-0.008534569637684952,-0.008574055857138663
2019-03-25,-0.002153341,-0.0030814913950849565,-0.003199954730992438
2019-03-26,0.009772551,0.0021731811780454358,0.0021336949585917253
2019-03-27,-0.000471024,0.001724054808303066,0.0016845685888493556
2019-03-28,0.001877803,0.0024451241271852275,0.002405637907731517
2019-03-29,0.007130698,0.00481239185417226,0.0047729056347185495
2019-03-31,0.0,0.0,-7.897399806910954e-05
2019-04-01,0.006944994,0.008352890761993859,0.008313404542540148
2019-04-02,-3.09e-05,-0.000505094310923937,-0.0005445805303776474
2019-04-03,0.004342291,0.0048321307980920825,0.004792644578638372
2019-04-04,-0.001030079,-0.0013932991668076378,-0.0014327853862613482
2019-04-05,0.002580054,-0.0003181846056213855,-0.00035767082507509596
2019-04-08,0.000762363,0.0002299962258174304,0.00011153288990994881
2019-04-09,0.003085745,-0.003178492877171646,-0.0032179790966253563
2019-04-10,-0.001813729,0.000527283256836153,0.0004877970373824425
2019-04-11,-0.000720499,0.0027218465397371716,0.002682360320283461
2019-04-12,-0.004940117,-0.0025793872912072136,-0.002618873510660924
2019-04-15,0.007359695,0.008164033173051255,0.008045569837143773
2019-04-16,0.006221719,0.0023303769743898695,0.002290890754936159
2019-04-17,-0.000319163,-0.0024000737335806432,-0.0024395599530343537
2019-04-18,-0.001379714,0.0016946436373166396,0.0016551574178629291
2019-04-19,0.0,0.0,-3.948621945371045e-05
2019-04-22,0.0,0.0,-0.00011846333590748159
2019-04-23,0.009720993,0.005248172870135903,0.005208686650682193
2019-04-24,0.002115458,0.0008334633252768953,0.0007939771058231848
2019-04-25,0.00353927,0.001620370639892954,0.0015808844204392436
2019-04-26,0.003002617,0.0017419159621134828,0.0017024297426597723
2019-04-29,0.00121969,0.0012062723620522853,0.0010878090261448037
2019-04-30,0.002511584,-0.00044054885072064565,-0.0007774545221095836
2019-05-01,0.0,0.0,-3.948621945371045e-05
2019-05-02,-0.002342533,-0.00171316672310462,-0.0017526529425583304
2019-05-03,0.001214588,-0.002590487459897539,-0.0026299736793512496
2019-05-06,-0.003902954,-0.0008138189385211714,-0.000932282274428653
2019-05-07,-0.006997175,-0.0015684251556379314,-0.0016079113750916418
2019-05-08,0.004533207,0.0007400889791890908,0.0007006027597353803
2019-05-09,-0.019504593,-0.011466135536878586,-0.011505621756332296
2019-05-10,0.003993054,0.001113735323166276,0.0010742491037125657
2019-05-13,-0.01174051,-0.008319963612669512,-0.008438426948576994
2019-05-14,0.004929917,0.0013773965644141573,0.0013379103449604468
2019-05-15,0.00732786,0.00485439113692232,0.00481490491746861
2019-05-16,0.018283157,0.013530288218179143,0.013490801998725432
2019-05-17,-0.000652407,-0.00011670468510205367,-0.00015619090455576412
2019-05-20,-0.007989918,-0.0038050068914287083,-0.00392347022733619
2019-05-21,0.005110135,0.005199053490797301,0.00515956727134359
2019-05-22,0.003285754,0.0023294497174097817,0.0022899634979560712
2019-05-23,-0.005926504,-0.003360614019658925,-0.0034001002391126356
2019-05-24,0.006781159,0.005462237612971821,0.00542275139351811
2019-05-27,0.005172058,0.004163259279873044,0.004044795943965562
2019-05-28,-0.003014564,-0.001309094079466444,-0.0013485802989201545
2019-05-29,-0.013734213,-0.00752117307121869,-0.0075606592906724
2019-05-30,0.0,0.0,-3.948621945371045e-05
2019-05-31,-0.00047792,0.0007840256031652615,0.000744539383711551
2019-06-03,0.007652102,0.0021562043546807796,0.002037741018773298
2019-06-04,-0.002704403,-0.0009852531430581957,-0.0010247393625119061
2019-06-05,0.007224978,0.007322163426557227,0.007282677207103516
2019-06-06,0.001404336,0.0007979384181509008,0.0007584521986971904
2019-06-07,0.00689219,0.006740368005273334,0.0067008817858196235
2019-06-10,0.0,0.0,-0.00011846333590748159
2019-06-11,0.008556054,0.0037760585134496427,0.0037365722939959323
2019-06-12,0.002187138,0.0006424519083922942,0.0006029656889385837
2019-06-13,0.000370305,0.0027800888066846774,0.002740602587230967
2019-06-14,-0.001881058,-0.00134906606675822,-0.0013885522862119304
2019-06-17,0.000694637,0.00035193858606574757,0.00023347525015826598
2019-06-18,0.013131799,0.007219978853057363,0.007180492633603652
2019-06-19,-0.002620355,-0.0027907577017193264,-0.002830243921173037
2019-06-20,0.002524944,0.002547556240475757,0.0025080700210220463
2019-06-21,-0.005894118,-0.002796773982313705,-0.0028362602017674154
2019-06-24,-0.002326563,0.0012451085047013866,0.001126645168793905
2019-06-25,0.000103718,-0.001636691090242559,-0.0016761773096962695
2019-06-26,-0.006339542,-0.003959037987522174,-0.003998524206975884
2019-06-27,0.002842377,0.0009921755756032713,0.0009526893561495609
2019-06-28,0.005263259,0.00503663284997935,0.0049971466305256396
2019-06-30,0.0,0.0,-7.897399806910954e-05
2019-07-01,0.006699295,0.00349401968113483,0.0034545334616811196
2019-07-02,0.005037478,0.004595120583187784,0.0045556343637340735
2019-07-03,0.004739915,0.006222487643040342,0.0061830014235866315
2019-07-04,0.000276779,0.003093119543388312,0.0030536333239346014
2019-07-05,-0.009025246,-0.00916237400766673,-0.00920186022712044
2019-07-08,0.001633076,0.0015856000694562944,0.0014671367335488128
2019-07-09,-0.003786926,-0.003164253440999909,-0.0032037396604536195
2019-07-10,-0.002082506,-0.0027742467987560415,-0.002813733018209752
2019-07-11,-0.005347767,-0.0018139651051081174,-0.0018534513245618278
2019-07-12,-0.009667195,-0.0031568930611682866,-0.003196379280621997
2019-07-15,0.004752384,0.0014587380799784277,0.0013402747440709462
2019-07-16,0.002508716,-0.0011909908393585855,-0.001230477058812296
2019-07-17,0.008924581,0.0046710101431208795,0.004631523923667169
2019-07-18,0.005295579,3.287186611622417e-05,-6.614353337486278e-06
2019-07-19,-0.00544297,-0.0012181262288099015,-0.001257612448263612
2019-07-22,-0.001115668,-0.0026840841484698785,-0.00280254748437736
2019-07-23,0.004920414,0.005587093595615711,0.005547607376162
2019-07-24,-0.00481433,-0.004865512720685805,-0.0049049989401395155
2019-07-25,-0.002534071,0.0002135915182224224,0.00017410529876871195
2019-07-26,0.009104114,0.003226447492921114,0.0031869612734674035
2019-07-29,0.001155858,0.004231925074307918,0.004113461738400437
2019-07-30,-0.006758671,-0.007640076686221686,-0.007679562905675397
2019-07-31,0.003109657,0.0027911179630031313,0.00248931412193028
2019-08-01,0.0,0.0,-3.948621945371045e-05
2019-08-02,-0.010551662,-0.004014775036606855,-0.004054261256060565
2019-08-05,-0.020904487,-0.014734390632065275,-0.014852853967972757
2019-08-06,-0.003863921,-0.0043199313216696344,-0.004359417541123345
2019-08-07,-0.000791071,0.0020824088402910945,0.002042922620837384
2019-08-08,0.02047409,0.011371315367176837,0.011331829147723127
2019-08-09,-0.000166787,4.579022991446635e-05,6.3040104607559044e-06
2019-08-12,0.000270442,-0.0008961559919473672,-0.0010146193278548488
2019-08-13,0.001847945,-0.0012308056608290041,-0.0012702918802827146
2019-08-14,-0.015195143,-0.010015590422915888,-0.010055076642369598
2019-08-15,-0.002692539,-0.0012214401289568633,-0.0012609263484105737
2019-08-16,0.012352009,0.008951136951105942,0.008911650731652232
2019-08-19,0.010254841,0.008658360754530525,0.008539897418623044
2019-08-20,-0.006032027,-0.006175081090998846,-0.006214567310452557
2019-08-21,0.008926541,0.00656738367552534,0.00652789745607163
2019-08-22,-0.004207204,0.0004550341238478417,0.00041554790439413125
2019-08-23,-0.005231565,-0.0025144197191169226,-0.002553905938570633
2019-08-26,-0.00332884,-0.0029995719053992342,-0.003118035241306716
2019-08-27,0.007459324,0.006185393790990146,0.006145907571536435
2019-08-28,-0.002901559,-0.001279353335849831,-0.0013188395553035415
2019-08-29,0.00813589,0.008739692269573718,0.008700206050120007
2019-08-30,0.006768877,0.005722850421893355,0.005683364202439645
2019-08-31,0.0,0.0,-3.948621945371045e-05
2019-09-02,0.002498151,-0.0010394984292186882,-0.0011184724272877977
2019-09-03,-0.006546164,0.003413540363966794,0.0033740541445130834
2019-09-04,0.004995879,0.0037383359121687665,0.003698849692715056
2019-09-05,0.007421361,0.002868892556015412,0.0028294063365617017
2019-09-06,0.008651071,0.005375321654037979,0.0053358354345842685
2019-09-09,-0.002218199,0.0027061892724640213,0.0025877259365565397
2019-09-10,-0.006164468,-0.0045079167503919715,-0.004547402969845682
2019-09-11,0.007010001,0.0017337070413545597,0.0016942208219008492
2019-09-12,8.16e-06,0.000478175208260323,0.00043868898880661256
2019-09-13,-0.006428059,-0.006554159716643415,-0.006593645936097126
2019-09-16,-0.008035705,-0.007493756754873848,-0.00761222009078133
2019-09-17,0.005370715,0.0040040005667529854,0.003964514347299275
2019-09-18,0.001250647,4.482955273577005e-05,5.3433332820596036e-06
2019-09-19,0.00402044,0.003249064387600864,0.0032095781681471536
2019-09-20,-0.001221135,0.0004976861831200718,0.0004581999636663614
2019-09-23,-0.004730505,-0.0028268387975253217,-0.0029453021334328033
2019-09-24,0.000986049,0.0009439968229962847,0.0009045106035425743
2019-09-25,-0.007743899,-0.004470405072319883,-0.004509891291773593
2019-09-26,0.009171464,0.008690176873275002,0.008650690653821291
2019-09-27,0.002522694,0.0007402533065152817,0.0007007670870615712
2019-09-30,0.003677294,0.0028054225143081535,0.002686959178400672
2019-10-01,-0.011446784,-0.005443323119971977,-0.005482809339425687
2019-10-02,-0.018587459,-0.012147488824403085,-0.012186975043856796
2019-10-03,0.001196463,-0.0008426651423261156,-0.000882151361779826
2019-10-04,0.007367966,0.006670082978847303,0.006630596759393592
2019-10-07,0.00878441,0.0073919149995116396,0.007273451663604158
2019-10-08,-0.010807257,-0.006054146642052394,-0.006093632861506104
2019-10-09,0.00317881,0.0017711427278099823,0.0017316565083562718
2019-10-10,0.005990308,0.004256900457370705,0.004217414237916994
2019-10-11,0.010263413,0.007932562708736768,0.007893076489283057
2019-10-14,-0.004954759,-0.0032824068203333168,-0.0034008701562407984
2019-10-15,0.006818041,0.003601827077791997,0.0035623408583382865
2019-10-16,-0.001410601,-0.002267519327675216,-0.0023070055471289264
2019-10-17,-0.005082384,-0.0018912932435857233,-0.0019307794630394337
2019-10-18,-0.004880649,-0.002357523496658298,-0.0023970097161120085
2019-10-21,0.001692066,0.003010912523129017,0.002892449187221535
2019-10-22,0.001864666,0.0021962455088324617,0.0021567592893787513
2019-10-23,-0.000133002,-0.0006070532469850676,-0.000646539466438778
2019-10-24,0.00894947,0.003298348531634465,0.0032588623121807547
2019-10-25,0.007748224,-0.0004057240166782661,-0.0004452102361319765
2019-10-28,0.003094312,0.0036176693568750196,0.003499206020967538
2019-10-29,0.002050301,0.0011690706207321266,0.0011295844012784162
2019-10-30,0.001262749,0.0009960839995728499,0.0009565977801191394
2019-10-31,-0.003908615,-0.0028012734212975454,-0.003166107630709403
2019-11-01,0.002798886,0.001773117120417611,0.0017336309009639006
2019-11-04,0.00761665,0.004669250303504402,0.00455078696759692
2019-11-05,-0.005393151,-0.0016268348593453386,-0.001666321078799049
2019-11-06,0.004136764,0.0012637940878841292,0.0012243078684304187
2019-11-07,0.001352625,0.0009849604283391766,0.0009454742088854662
2019-11-08,-0.001248926,0.0007926485734022215,0.000753162353948511
2019-11-11,0.000354988,-0.000952391589239876,-0.0010708549251473576
2019-11-12,-0.000131668,0.0016341576543144054,0.001594671434860695
2019-11-13,-0.000606235,-0.0015878684217593975,-0.001627354641213108
2019-11-14,-0.00609495,-0.003848995993704585,-0.0038884822131582952
2019-11-15,0.007288301,0.004959561400093904,0.004920075180640193
2019-11-18,0.003126638,0.0032274564853964627,0.003108993149488981
2019-11-19,0.000860025,0.00021067331006041634,0.0001711870906067059
2019-11-20,0.002174195,0.0029809441219386112,0.002941457902484901
2019-11-21,-0.004091699,-0.00469024746567448,-0.00472973368512819
2019-11-22,0.002347376,-0.00017008324492828741,-0.00020956946438199786
2019-11-25,0.009385894,0.006012579058988665,0.005894115723081184
2019-11-26,0.004073439,0.0027086691634605753,0.002669182944006865
2019-11-27,0.002395045,0.0027058334825749153,0.002666347263121205
2019-11-28,0.000380656,0.0021109869489859268,0.0020715007295322163
2019-11-29,-0.003430102,-0.0031057623901563636,-0.003145248609610074
2019-11-30,0.0,0.0,-3.948621945371045e-05
2019-12-02,-0.013208311,-0.010894888333332964,-0.010973862331402073
2019-12-03,-0.010428758,-0.005455028455078836,-0.005494514674532547
2019-12-04,0.009295352,0.007477739340992828,0.007438253121539118
2019-12-05,0.002997609,0.0021350198413889743,0.002095533621935264
2019-12-06,0.009754412,0.009177305641513644,0.009137819422059934
2019-12-09,-0.002290371,-0.0005176601111605006,-0.0006361234470679822
2019-12-10,-0.004911284,-0.004719437593745268,-0.004758923813198979
2019-12-11,0.00164942,0.0026223720239011428,0.0025828858044474323
2019-12-12,0.003700316,0.0030518978729141555,0.003012411653460445
2019-12-13,-0.001150502,-0.0046936280481363335,-0.004733114267590044
2019-12-16,0.010231681,0.006154718080706223,0.006036254744798741
2019-12-17,-0.000708579,0.0007536076577712159,0.0007141214383175054
2019-12-18,0.001081291,0.002040085495452537,0.0020005992759988267
2019-12-19,0.001465265,0.0027356124868733733,0.002696126267419663
2019-12-20,0.010061697,0.005738806624528303,0.005699320405074593
2019-12-23,0.004788422,0.004135750128215543,0.004017286792308061
2019-12-24,0.0,0.0,-3.948621945371045e-05
2019-12-25,0.0,0.0,-3.948621945371045e-05
2019-12-26,0.0,0.0,-3.948621945371045e-05
2019-12-27,0.001142201,0.0028474433930041343,0.002807957173550424
2019-12-30,-0.010386795,-0.007869608466579803,-0.007988071802487284
2019-12-31,0.0,0.0,-3.948621945371045e-05
2020-01-01,0.0,0.0,-3.948621945371045e-05
2020-01-02,0.0,0.0,-3.948621945371045e-05
2020-01-03,0.007880818,0.008887102591236484,0.008847616371782774
2020-01-06,-0.003011902,-0.003244293970926626,-0.0033627573068341077
2020-01-07,0.00194113,0.003970739131708978,0.0039312529122552675
2020-01-08,-0.00349949,-0.002787909178877168,-0.0028273953983308786
2020-01-09,8.93e-05,0.001745617344752537,0.0017061311252988265
2020-01-10,-0.001099323,-0.0013678260372117501,-0.0014073122566654606
2020-01-13,-0.000683947,0.002123978339333199,0.0020055150034257174
2020-01-14,0.00285121,0.0062173546159676185,0.006177868396513908
2020-01-15,0.001551066,-0.0010091042828090924,-0.0010485905022628028
2020-01-16,0.002587817,0.0035366552941047402,0.0034971690746510298
2020-01-17,0.01308873,0.009218650439291931,0.00917916421983822
2020-01-20,0.001305152,0.003140695488003331,0.0030222321520958495
2020-01-21,0.004545326,0.002718210972302071,0.0026787247528483604
2020-01-22,0.001322564,0.0032832841012495617,0.0032437978817958513
2020-01-23,-0.008113374,-0.003393778385177404,-0.0034332646046311144
2020-01-24,0.00347824,0.0043962120375522495,0.004356725818098539
2020-01-27,-0.01590277,-0.011872867017177935,-0.011991330353085417
2020-01-28,0.008848764,0.005569032356322001,0.005529546136868291
2020-01-29,0.007282866,0.005608704809525689,0.005569218590071978
2020-01-30,-0.010430117,-0.0076633730780265585,-0.007702859297480269
2020-01-31,-0.010929655,-0.004634756321466926,-0.005033804076666516
2020-02-03,0.00352032,0.0028777509901205534,0.0027592876542130718
2020-02-04,0.012466418,0.010349304482890398,0.010309818263436688
2020-02-05,0.015806756,0.008941203227565309,0.008901717008111598
2020-02-06,0.001047875,0.0030858147426084948,0.0030463285231547843
2020-02-07,-0.001318248,0.0016665326804483627,0.0016270464609946522
2020-02-10,0.003856806,0.0028808691299899714,0.0027624057940824898
2020-02-11,0.004943128,0.007095345486580529,0.007055859267126818
2020-02-12,-0.001785402,-0.00031294905771439563,-0.0003524352771681061
2020-02-13,-0.001286114,-0.001231766474269369,-0.0012712526937230795
2020-02-14,0.004756514,0.007048234608273862,0.007008748388820152
2020-02-17,0.00278168,0.0022150928097641742,0.0020966294738566926
2020-02-18,-0.002464837,-0.0014559679429839711,-0.0014954541624376816
2020-02-19,0.010209988,0.006114465129573254,0.006074978910119544
2020-02-20,-0.007953591,-0.00796627429574226,-0.00800576051519597
2020-02-21,-0.003949214,-0.003950442326876469,-0.003989928546330179
2020-02-24,-0.035342063,-0.025983962448579256,-0.026102425784486738
2020-02-25,-0.019783253,-0.014464107653471614,-0.014503593872925324
2020-02-26,0.002586249,0.0008260462033202742,0.0007865599838665638
2020-02-27,-0.028542236,-0.022262114241950903,-0.022301600461404614
2020-02-28,-0.035919987,-0.03356204331458379,-0.0336015295340375
2020-02-29,0.0,0.0,-3.948621945371045e-05
2020-03-02,0.0125301,0.016052541217753014,0.015973567219683904
2020-03-03,0.02104371,0.01962053770387051,0.0195810514844168
2020-03-04,0.01483211,0.011940413715046505,0.011900927495592795
2020-03-05,-0.010807689,-0.009721047430061969,-0.00976053364951568
2020-03-06,-0.037872929,-0.027857633931802295,-0.027897120151256005
2020-03-09,-0.05313538,-0.04540931419746652,-0.045527777533374
2020-03-10,-0.00186595,-0.005043981994853786,-0.005083468214307496
2020-03-11,-0.005949428,-0.003599888432040177,-0.0036393746514938874
2020-03-12,-0.091108728,-0.07768324408350369,-0.0777227303029574
2020-03-13,0.00815927,0.004979720076637717,0.0049402338571840065
2020-03-16,-0.019280223,-0.04213383886635125,-0.04225230220225873
2020-03-17,0.026555652,0.016751400919206016,0.016711914699752306
2020-03-18,-0.01623604,-0.020223301284203465,-0.020262787503657176
2020-03-19,0.055595485,0.02937904255600099,0.02933955633654728
2020-03-20,-0.015276571,-0.000698985476520253,-0.0007384716959739634
2020-03-23,-0.051115744,-0.04263036321406244,-0.04274882654996992
2020-03-24,0.061953865,0.05697324489757771,0.056933758678124
2020-03-25,0.028005716,0.028165598918799883,0.028126112699346173
2020-03-26,0.022029477,0.017483842827996643,0.017444356608542932
2020-03-27,-0.019273313,-0.013864004338767333,-0.013903490558221043
2020-03-30,0.020933611,0.014169082721198878,0.014050619385291396
2020-03-31,0.014202094,0.01244323497252231,0.0124037487530686
2020-04-01,-0.011071121,-0.014588866688563074,-0.014628352908016784
2020-04-02,0.007057213,-0.00014678837780279785,-0.0001862745972565083
2020-04-03,0.001662347,-0.0004067336976476543,-0.00044621991710136477
2020-04-06,0.022398237,0.01496750013215098,0.014849036796243498
2020-04-07,0.004881818,0.012990646353669533,0.012951160134215822
2020-04-08,-0.003817695,0.0023237133298372736,0.002284227110383563
2020-04-09,0.000396298,0.0022770258724000847,0.0022375396529463742
2020-04-10,0.0,0.0,-3.948621945371045e-05
2020-04-13,0.0,0.0,-0.00011846333590748159
2020-04-14,0.01098384,0.013086566087237239,0.013047079867783529
2020-04-15,-0.019868213,-0.015621436312905801,-0.01566092253235951
2020-04-16,0.012959693,0.009361876144421633,0.009322389924967922
2020-04-17,0.018901727,0.011777302389945232,0.011737816170491522
2020-04-20,0.017447402,0.010038757955828537,0.009920294619921055
2020-04-21,-0.02142986,-0.018280625861053834,-0.018320112080507545
2020-04-22,0.010837028,0.005243134447211695,0.005203648227757984
2020-04-23,-0.000712594,0.00011482048155642133,7.533426210271088e-05
2020-04-24,0.001128518,0.0022931537398815927,0.002253667520427882
2020-04-27,0.014793635,0.011992396852855691,0.01187393351694821
2020-04-28,0.009379004,0.008124276015879506,0.008084789796425795
2020-04-29,-0.002641344,0.004491366221671678,0.004451880002217967
2020-04-30,-0.021088869,-0.0182120539953865,-0.01862645276357854
2020-05-01,0.0,0.0019069006783103415,0.001867414458856631
2020-05-04,-0.022106779,-0.020160692109452927,-0.02027915544536041
2020-05-05,0.015423465,0.01465956007153224,0.01462007385207853
2020-05-06,0.008028103,0.0013938148786709625,0.001354328659217252
2020-05-07,0.00443731,0.00407623874769425,0.004036752528240539
2020-05-08,0.005609018,0.008776543062728681,0.00873705684327497
2020-05-11,0.003465937,-0.0029734742797991043,-0.003091937615706586
2020-05-12,0.003763597,-0.0037337022961489996,-0.00377318851560271
2020-05-13,-0.009560116,-0.004441266315627024,-0.004480752535080734
2020-05-14,-0.020434828,-0.021783417650167336,-0.021822903869621046
2020-05-15,0.007565228,0.003022615509867599,0.0029831292904138884
2020-05-18,0.023165671,0.022658122949522408,0.022539659613614926
2020-05-19,0.004275731,0.004680639444218704,0.004641153224764993
2020-05-20,0.002904315,0.004818769589275629,0.004779283369821918
2020-05-21,0.0,0.0,-3.948621945371045e-05
2020-05-22,-0.010639604,-0.008921301867534592,-0.008960788086988303
2020-05-25,0.013078613,0.01349256712588942,0.01337410378998194
2020-05-26,-0.000460713,0.0030485321331252813,0.003009045913671571
2020-05-27,-0.013472265,-0.008303598705688198,-0.008343084925141908
2020-05-28,0.021429163,0.017247443856555522,0.01720795763710181
2020-05-29,-0.006815041,0.0031109904941868383,0.003071504274733128
2020-05-31,0.0,0.0,-7.897399806910954e-05
2020-06-01,0.0,0.0,-3.948621945371045e-05
2020-06-02,0.009120492,0.0108163774675476,0.01077689124809389
2020-06-03,0.018340732,0.008389696007656378,0.008350209788202667
2020-06-04,-0.009717595,-0.0026003165315281462,-0.0026398027509818567
2020-06-05,0.008151114,0.0014279355934785354,0.001388449374024825
2020-06-08,-0.003271335,-0.0034084208070263022,-0.003526884142933784
2020-06-09,0.003327589,-0.006472862645684141,-0.006512348865137851
2020-06-10,-0.003412858,-0.0008325518964118483,-0.0008720381158655588
2020-06-11,-0.028343544,-0.020223532959718904,-0.020263019179172614
2020-06-12,-0.003411014,-0.0032011614355202944,-0.003240647654974005
2020-06-15,0.004465166,0.0011242092120027358,0.0010057458760952542
2020-06-16,0.018684452,0.01747953425675175,0.01744004803729804
2020-06-17,0.01759215,0.010552245796042747,0.010512759576589037
2020-06-18,-0.001929516,0.006369361521024519,0.006329875301570809
2020-06-19,0.007041745,0.002859980944137419,0.0028204947246837087
2020-06-22,-0.009253466,-0.006388625536186243,-0.006507088872093725
2020-06-23,0.00724474,-3.9186171420180216e-05,-7.867239087389066e-05
2020-06-24,-0.019504918,-0.00879218074928556,-0.008831666968739271
2020-06-25,0.00430655,-0.0049023741137878,-0.00494186033324151
2020-06-26,-0.003397907,4.496894510852556e-05,5.482725654815113e-06
2020-06-29,0.002265216,0.005447935579853791,0.005329472243946309
2020-06-30,-0.001540719,0.002438894987250695,0.0023994087677969844
2020-07-01,0.004239295,-0.0018843689505730898,-0.0019238551700268003
2020-07-02,0.00796637,0.008885068759122428,0.008845582539668717
2020-07-03,-0.005272381,-0.006035190964994608,-0.006074677184448318
2020-07-06,0.01229449,0.005108854099437732,0.00499039076353025
2020-07-07,-0.003930318,-0.005840663022310122,-0.005880149241763832
2020-07-08,-0.001902424,-0.0004743969338093512,-0.0005138831532630617
2020-07-09,-0.002779722,-0.0025877633587431115,-0.002627249578196822
2020-07-10,0.008232706,0.007801575834543328,0.007762089615089618
2020-07-13,0.006892437,0.0019530117897197385,0.001834548453812257
2020-07-14,-0.005573087,0.0005730972585180627,0.0005336110390643523
2020-07-15,0.01887655,0.00490047255544912,0.00486098633599541
2020-07-16,-0.002515063,0.0015386520298261708,0.0014991658103724603
2020-07-17,-0.000993515,-0.0017740819319885803,-0.0018135681514422908
2020-07-20,0.004972517,0.004607003592128178,0.004488540256220697
2020-07-21,-0.002843602,0.00016849818605257916,0.0001290119665988687
2020-07-22,0.000677872,0.002029524829086027,0.0019900386096323164
2020-07-23,-0.003547321,-0.002034960387734208,-0.0020744466071879186
2020-07-24,-0.017423706,-0.009653656009440459,-0.00969314222889417
2020-07-27,0.005221121,0.0005602762915686288,0.0004418129556611472
2020-07-28,0.000588386,0.0006047388948573484,0.000565252675403638
2020-07-29,0.000295592,0.0016488590511933854,0.001609372831739675
2020-07-30,-0.015538377,-0.009283417427154328,-0.009322903646608038
2020-07-31,-0.009490455,-0.005793426187842843,-0.006168881192798541
2020-08-03,0.020246805,0.008954404979513164,0.008835941643605683
2020-08-04,-0.005986444,-0.0010871425016177882,-0.0011266287210714987
2020-08-05,-0.005265115,-0.002784113636443264,-0.0028235998558969744
2020-08-06,-0.002249818,-0.0024129358274495027,-0.002452422046903213
2020-08-07,0.000810351,0.003452967231730719,0.0034134810122770087
2020-08-10,0.001055324,-0.0016044942583512967,-0.0017229575942587783
2020-08-11,0.006700118,0.008071693959558202,0.008032207740104491
2020-08-12,0.011672376,0.009941697160126273,0.009902210940672562
2020-08-13,-0.00053286,0.005610752686979303,0.005571266467525593
2020-08-14,-0.008055258,-0.003135141914031414,-0.0031746281334851245
2020-08-17,0.006456801,0.002735731555379539,0.0026172682194720576
2020-08-18,-0.004282425,0.00036726514741114435,0.0003277789279574339
2020-08-19,0.013224795,0.007765427604472297,0.0077259413850185865
2020-08-20,-0.006742419,-0.0032936164342154406,-0.003333102653669151
2020-08-21,-0.001273815,0.0008888001674531854,0.0008493139479994749
2020-08-24,0.00842592,0.007957165867930494,0.007838702532023012
2020-08-25,-0.006691739,-0.004664521998324123,-0.004704008217777833
2020-08-26,0.008430636,0.010699030350057814,0.010659544130604104
2020-08-27,-0.006370086,-0.0009628022102049494,-0.0010022884296586598
2020-08-28,-0.007547007,-0.007648286481605204,-0.007687772701058915
2020-08-31,-0.001318285,-0.0015743076373101461,-0.0016927709732176277
2020-09-01,0.004538327,0.006678101520756208,0.006638615301302497
2020-09-02,0.017550703,0.015393488394924493,0.015354002175470782
2020-09-03,-0.016231719,-0.008534520893675457,-0.008574007113129167
2020-09-04,-0.008085974,-0.008760082925347912,-0.008799569144801622
2020-09-07,0.013159604,0.011020203142342977,0.010901739806435495
2020-09-08,-0.004839486,-0.0036820412625353516,-0.003721527481989062
2020-09-09,0.01437305,0.01291015291255504,0.01287066669310133
2020-09-10,-0.00187552,-0.0011053714894911915,-0.001144857708944902
2020-09-11,0.00423522,-0.0015046559848530539,-0.0015441422043067643
2020-09-14,0.001382867,-0.0009597202868264487,-0.0010781836227339303
2020-09-15,0.005273098,0.0037422706723375665,0.003702784452883856
2020-09-16,0.004063584,0.0020783779601099006,0.00203889174065619
2020-09-17,-0.003332487,-0.0006074391726170747,-0.0006469253920707851
2020-09-18,0.00238272,0.004212135136330009,0.004172648916876298
2020-09-21,-0.018888682,-0.011198068400363304,-0.011316531736270785
2020-09-22,0.003006106,-2.4494004707942274e-05,-6.398022416165272e-05
2020-09-23,-0.001538587,-0.00276329009291143,-0.0028027763123651406
2020-09-24,-0.010956453,-0.0033539572608017876,-0.003393443480255498
2020-09-25,0.001080936,-0.0018125986424821772,-0.0018520848619358876
2020-09-28,0.009412002,0.009906176825648094,0.009787713489740613
2020-09-29,-0.00598425,-0.003619437632940148,-0.0036589238523938583
2020-09-30,-0.002657042,0.0013826748269027966,0.0013431886074490862
2020-10-01,0.004675178,0.005196808130013775,0.005157321910560064
2020-10-02,0.001664562,0.0011153844822247017,0.0010758982627709912
2020-10-05,0.004587901,0.0029724585289980787,0.002853995193090597
2020-10-06,-0.007377079,-0.00560619679068608,-0.00564568301013979
2020-10-07,-0.003777037,-0.00598828822024422,-0.0060277744396979305
2020-10-08,0.007589002,0.0026783571349731083,0.002638870915519398
2020-10-09,0.005225635,0.0030745701463734676,0.003035083926919757
2020-10-12,0.00490432,0.005880254124881468,0.005761790788973986
2020-10-13,-0.002721708,-0.001081691571289345,-0.0011211777907430553
2020-10-14,-0.004015486,-0.004061374078394686,-0.0041008602978483966
2020-10-15,-0.021100783,-0.013863127442632961,-0.013902613662086671
2020-10-16,0.011748081,0.002458188361148972,0.0024187021416952614
2020-10-19,-0.002542162,-0.0038364333643596815,-0.003954896700267163
2020-10-20,-0.002045682,-0.0017280877035890096,-0.00176757392304272
2020-10-21,-0.0145258,-0.012491621270458664,-0.012531107489912374
2020-10-22,-0.000803544,-0.0011475986364354318,-0.0011870848558891423
2020-10-23,0.001843069,0.0015349251907479378,0.0014954389712942273
2020-10-26,-0.005712518,-0.008028183037316339,-0.00814664637322382
2020-10-27,-0.007981557,-0.004007935218082959,-0.004047421437536669
2020-10-28,-0.027100789,-0.022040039444096715,-0.022079525663550426
2020-10-29,-0.004302412,0.001018431188759994,0.0009789449693062835
2020-10-30,0.003639884,0.00487957170726272,0.004840085487809009
2020-10-31,0.0,0.0,-0.00043412315704368553
2020-11-02,0.018657827,0.014153646235215644,0.014074672237146535
2020-11-03,0.020321291,0.014721124356700477,0.014681638137246766
2020-11-04,0.026851942,0.015774262702678676,0.015734776483224966
2020-11-05,0.001899813,1.9547823873367065e-05,-1.9938395580343382e-05
2020-11-06,0.000703282,-0.0012638870839664085,-0.001303373303420119
2020-11-09,0.007765727,0.011475712295471618,0.011357248959564137
2020-11-10,-0.005667888,0.0015996883985871513,0.0015602021791334408
2020-11-11,0.015172273,0.007330612761919486,0.007291126542465776
2020-11-12,-0.003067534,-0.00278231781322269,-0.0028218040326764005
2020-11-13,7.22e-05,-0.00024292650435175922,-0.00028241272380546967
2020-11-16,0.008067924,0.00504550021220207,0.004927036876294588
2020-11-17,-0.002405121,-0.002660336363635718,-0.0026998225830894285
2020-11-18,-3.06e-06,0.004596812170833298,0.004557325951379587
2020-11-19,-0.006644564,-0.006092856669694724,-0.006132342889148434
2020-11-20,0.001157388,0.002996078721406281,0.0029565925019525707
2020-11-23,-0.004694868,-0.004601766386782891,-0.004720229722690372
2020-11-24,0.002639429,-0.004674781289057961,-0.004714267508511671
2020-11-25,-5.7e-05,0.0011901111339807091,0.0011506249145269987
2020-11-26,0.002333188,-0.0010564909354080498,-0.0010959771548617603
2020-11-27,0.001509855,0.002396698388794194,0.0023572121693404835
2020-11-30,-0.002865626,-0.004385800169288467,-0.004504263505195949
2020-12-01,-0.001903347,-0.0021536941885962335,-0.002193180408049944
2020-12-02,-0.001339892,-0.0013276745946985136,-0.001367160814152224
2020-12-03,-0.007624253,-0.002364466743025706,-0.0024039529624794165
2020-12-04,0.002089804,-0.0022705459317513554,-0.002310032151205066
2020-12-07,0.000850316,0.001458323847528531,0.0013398605116210494
2020-12-08,0.000841842,0.002274216404680285,0.0022347301852265744
2020-12-09,0.004153774,0.005783102582180177,0.005743616362726467
2020-12-10,-0.003164728,0.0011719535051519792,0.0011324672856982687
2020-12-11,5.8e-05,0.002278201614433595,0.0022387153949798844
2020-12-14,-0.001756354,-0.0038604403939040965,-0.003978903729811578
2020-12-15,-0.00190361,-0.0037327023863841235,-0.003772188605837834
2020-12-16,0.010087565,0.007334434217950436,0.007294947998496726
2020-12-17,0.00817551,0.006210728194277815,0.006171241974824104
2020-12-18,-0.00069013,-0.0006356435692891349,-0.0006751297887428453
2020-12-21,-0.018934818,-0.010645259734761825,-0.010763723070669307
2020-12-22,0.009537736,0.0028818317172274455,0.002842345497773735
2020-12-23,0.001258965,0.003947165470956859,0.003907679251503149
2020-12-24,0.0,0.0,-3.948621945371045e-05
2020-12-25,0.0,0.0,-3.948621945371045e-05
2020-12-28,0.016657612,0.012412404916537945,0.012293941580630463
2020-12-29,0.008008792,0.011086394222687979,0.011046908003234268
2020-12-30,0.00077642,-0.0019107435456222621,-0.0019502297650759726
2020-12-31,0.0,0.0,-3.948621945371045e-05
2021-01-01,0.0,0.0,-3.948621945371045e-05
2021-01-04,0.003705015,0.006585942991680138,0.006467479655772657
2021-01-05,-0.004235546,-0.004855986199004736,-0.004895472418458446
2021-01-06,0.002683062,-0.0010615635991365613,-0.0011010498185902717
2021-01-07,0.002698344,-0.0005318670073233278,-0.0005713532267770383
2021-01-08,0.002580572,0.0005890640309671458,0.0005495778115134353
2021-01-11,0.003417011,-0.0019629799717779672,-0.002081443307685449
2021-01-12,0.001435483,0.002008819153309638,0.0019693329338559273
2021-01-13,-0.001984115,-0.00367876698534364,-0.0037182532047973504
2021-01-14,0.001592973,-4.568487326006565e-05,-8.51710927137761e-05
2021-01-15,0.000160898,-0.004386167383790385,-0.004425653603244095
2021-01-18,0.003174436,0.003696851005345003,0.0035783876694375216
2021-01-19,-0.002754247,-0.005054727683717841,-0.005094213903171552
2021-01-20,0.006026873,0.002421933137584542,0.0023824469181308316
2021-01-21,-0.001417218,-0.0006916722575125434,-0.0007311584769662538
2021-01-22,0.000531842,-0.000940004572852815,-0.0009794907923065255
2021-01-25,-0.002177109,-0.007564591837416645,-0.007683055173324127
2021-01-26,0.005746867,0.009859240843615114,0.009819754624161403
2021-01-27,-0.005550205,-0.003910294058648733,-0.003949780278102444
2021-01-28,-0.003209826,0.00042946768655660605,0.0003899814671028956
2021-01-29,-0.02224691,-0.013112227589857972,-0.013151713809311683
2021-01-31,0.0,0.0,-0.0003681303594731932
2021-02-01,0.014078753,0.009561171187372874,0.009521684967919164
2021-02-02,0.007348264,0.006422197122124107,0.0063827109026703965
2021-02-03,-0.001846853,0.0037160415323369556,0.003676555312883245
2021-02-04,0.007049462,0.005013878405730532,0.0049743921862768214
2021-02-05,-0.008682416,-0.006066819326356554,-0.006106305545810264
2021-02-08,0.002837825,-0.0013899906517070848,-0.0015084539876145664
2021-02-09,0.001379627,-0.0010601761358063344,-0.0010996623552600449
2021-02-10,0.001196798,-0.0003806151414308401,-0.0004201013608845505
2021-02-11,0.003061739,0.0032070878885999132,0.0031676016691462028
2021-02-12,0.002388605,0.0030981239776506353,0.003058637758196925
2021-02-15,0.0052704,0.0034842684004017244,0.0033658050644942428
2021-02-16,-0.001645006,-0.0011093756242707142,-0.0011488618437244247
2021-02-17,-0.009565561,-0.0063162574850549325,-0.006355743704508643
2021-02-18,-0.007380736,-0.004914016986868774,-0.004953503206322485
2021-02-19,0.000690557,-8.707367334448435e-05,-0.0001265598927981948
2021-02-22,-0.000835557,0.003352673108801163,0.0032342097728936814
2021-02-23,-0.010638361,-0.009578424886204084,-0.009617911105657795
2021-02-24,0.010174664,0.007560019774437432,0.0075205335549837216
2021-02-25,-0.005641977,-0.00041041411550302165,-0.0004499003349567321
2021-02-26,-0.013184211,-0.013037449644669352,-0.013076935864123063
2021-02-28,0.0,0.0,-7.897399806910954e-05
2021-03-01,0.01744734,0.013702979352437028,0.013663493132983318
2021-03-02,0.008760403,0.004855356708910463,0.004815870489456753
2021-03-03,-0.003538416,0.00170880207129942,0.0016693158518457096
2021-03-04,0.002758896,0.004726241810138587,0.004686755590684877
2021-03-05,-0.011792157,-0.005927528685183536,-0.005967014904637247
2021-03-08,0.019555064,0.014629227173422299,0.014510763837514817
2021-03-09,0.004351789,0.0004655586798336664,0.00042607246037995594
2021-03-10,0.004385022,0.0034220383596614834,0.003382552140207773
2021-03-11,-0.000479173,0.005137120788269556,0.005097634568815845
2021-03-12,-0.004052267,0.0002233279990984105,0.00018384177964470005
2021-03-15,0.00329903,0.004089974371635607,0.003971511035728126
2021-03-16,0.007287974,0.007007325844741619,0.006967839625287908
2021-03-17,-0.002276216,-0.0017359084277921433,-0.0017753946472458537
2021-03-18,0.009093615,0.006586956326946503,0.006547470107492792
2021-03-19,-0.000289908,-0.0017056835924000868,-0.0017451698118537973
2021-03-22,0.007006698,0.004295912862614548,0.004177449526707067
2021-03-23,0.00410041,0.005252339677605189,0.0052128534581514785
2021-03-24,-0.002655381,4.498576055200765e-05,5.4995410982972e-06
2021-03-25,0.002172451,-0.002805455573784754,-0.0028449417932384646
2021-03-26,0.001830125,0.0027650459557002627,0.0027255597362465522
2021-03-29,-0.000312776,0.0017422408708884785,0.0016237775349809969
2021-03-30,0.004005354,0.004962641242788335,0.004923155023334624
2021-03-31,-0.005140047,-0.006183276596344434,-0.006222762815798144
2021-04-01,0.0077681,0.009089989841976731,0.00905050362252302
2021-04-02,0.0,0.0,-3.948621945371045e-05
2021-04-05,0.0,0.0,-0.00011846333590748159
2021-04-06,0.006174649,0.005012135072808954,0.004972648853355244
2021-04-07,-0.004117911,-0.0013337626612790476,-0.001373248880732758
2021-04-08,0.007173255,0.005697239054442749,0.005657752834989038
2021-04-09,0.005277082,0.0026793500524298075,0.002639863832976097
2021-04-12,-0.005545277,-0.005678495531618366,-0.005796958867525848
2021-04-13,-0.002760731,-0.0005342063857389778,-0.0005736926051926883
2021-04-14,0.002903485,-0.00026871234046010883,-0.0003081985599138193
2021-04-15,0.003410804,0.002494820779138651,0.0024553345596849407
2021-04-16,0.006841776,0.007321092410385033,0.007281606190931322
2021-04-19,0.000209054,0.003458899540755178,0.0033404362048476965
2021-04-20,-0.010359532,-0.0036926423123911922,-0.0037321285318449027
2021-04-21,0.00947724,0.0037777292977339005,0.00373824307828019
2021-04-22,0.003510782,0.003375954932014258,0.0033364687125605474
2021-04-23,-0.001357564,0.0009100846903660198,0.0008705984709123094
2021-04-26,-0.002962959,-0.0024222550360305517,-0.0025407183719380333
2021-04-27,-0.005566493,-0.004381233834282128,-0.004420720053735838
2021-04-28,-0.000533043,-0.00236867594158241,-0.0024081621610361204
2021-04-29,-0.002088516,-0.0014927358542718983,-0.0015322220737256087
2021-04-30,-0.005520479,-0.008831004553420674,-0.009188101572675458
2021-05-03,0.007413018,0.005000779268756306,0.004882315932848824
2021-05-04,-0.013754339,-0.0067549698957833915,-0.006794456115237102
2021-05-05,0.012669873,0.009294391322727913,0.009254905103274202
2021-05-06,-0.000516604,0.0011778185239066374,0.001138332304452927
2021-05-07,0.00728529,0.0010828153980333433,0.0010433291785796328
2021-05-10,-0.005192599,-0.0026256806411005806,-0.0027441439770080622
2021-05-11,-0.012744109,-0.009943475074356667,-0.009982961293810377
2021-05-12,0.002554927,6.470278822701125e-05,2.5216568773300807e-05
2021-05-13,0.0,0.0,-3.948621945371045e-05
2021-05-14,0.008738435,0.006542279541198903,0.006502793321745193
2021-05-17,0.002303427,0.0029523125500809932,0.0028338492141735117
2021-05-18,0.002860428,0.003992866430597486,0.0039533802111437755
2021-05-19,-0.007906853,-0.005444206123374484,-0.005483692342828195
2021-05-20,0.009595054,0.0043432273552543865,0.004303741135800676
2021-05-21,0.006376292,0.0024996355339870213,0.002460149314533311
2021-05-24,0.0,0.0,-0.00011846333590748159
2021-05-25,0.007483659,0.0053524204475403625,0.005312934228086652
2021-05-26,0.003947857,0.0037523528727496647,0.0037128666532959542
2021-05-27,0.00010944,-0.0009970095095468423,-0.0010364957290005528
2021-05-28,0.007497904,0.004797336123160134,0.004757849903706424
2021-05-31,-0.00421287,-0.0023572916842814484,-0.00247575502018893
2021-06-01,0.00566842,0.005422326258154309,0.005382840038700598
2021-06-02,0.003031425,0.00315362842569078,0.0031141422062370694
2021-06-03,0.002645156,-6.73542896090229e-05,-0.00010684050906273335
2021-06-04,0.005566864,0.002453271473656038,0.0024137852542023275
2021-06-07,0.00378454,-0.0018059156825057654,-0.001924379018413247
2021-06-08,0.002098824,0.002722279952555473,0.0026827937331017626
2021-06-09,0.009752454,0.0030094266063673825,0.002969940386913672
2021-06-10,-6.53e-05,0.0012772368062408113,0.0012377505867871008
2021-06-11,0.003379128,0.0013684571535261814,0.001328970934072471
2021-06-14,0.002529757,0.0027705755900999662,0.0026521122541924846
2021-06-15,0.004382115,0.001513047226288089,0.0014735610068343785
2021-06-16,0.004244106,0.002964853432228187,0.0029253672127744768
2021-06-17,0.001475289,-0.0016049005913751913,-0.0016443868108289017
2021-06-18,-0.005607972,-0.002469517420625511,-0.0025090036400792215
2021-06-21,0.005177797,0.005222452118818666,0.005103988782911184
2021-06-22,-0.000389242,0.0019183144956784748,0.0018788282762247643
2021-06-23,-0.006250455,-0.004259751157750236,-0.004299237377203946
2021-06-24,0.007930408,0.005495269954708615,0.005455783735254904
2021-06-25,0.000811918,0.0025556233911172566,0.002516137171663546
2021-06-28,-8.88e-05,-0.0019260195146226788,-0.0020444828505301604
2021-06-29,0.001981309,0.0016433241010334054,0.001603837881579695
2021-06-30,-0.006640927,-0.005207751857453147,-0.005247238076906857
2021-07-01,0.002381565,-0.001013816671509682,-0.0010533028909633924
2021-07-02,0.000661094,0.001693432462139599,0.0016539462426858886
2021-07-05,-3.64e-05,-0.0007534924382688324,-0.000871955774176314
2021-07-06,-0.000255307,0.0018688300079747755,0.001829343788521065
2021-07-07,0.009758741,0.010133890083841912,0.010094403864388202
2021-07-08,-0.012551916,-0.008210518082043983,-0.008250004301497693
2021-07-09,0.004204789,0.0054566748558890765,0.005417188636435366
2021-07-12,0.007885038,0.008510984081771644,0.008392520745864163
2021-07-13,-0.000618785,2.4016796009052044e-05,-1.5469423444658403e-05
2021-07-14,-0.002067545,-0.003271907910301408,-0.0033113941297551186
2021-07-15,-0.00516892,-0.0034005769594516178,-0.003440063178905328
2021-07-16,0.003352009,0.0036021728404393993,0.003562686620985689
2021-07-19,-0.012400131,-0.010243495391974444,-0.010361958727881926
2021-07-20,0.006420362,0.006299764303966837,0.006260278084513127
2021-07-21,0.006810207,0.005927774580139378,0.005888288360685667
2021-07-22,-0.003031421,0.0002564507605642419,0.00021696454111053143
2021-07-23,0.011225728,0.0038394870744478116,0.003800000854994101
2021-07-26,-0.005908624,-0.0025126380489493005,-0.002631101384856782
2021-07-27,-0.00309183,0.0032414481231812786,0.003201961903727568
2021-07-28,0.003699836,0.001963164355218705,0.0019236781357649946
2021-07-29,0.0012543,0.00055493357574532,0.0005154473562916095
2021-07-30,0.002843424,0.004732906675600779,0.004693420456147068
2021-07-31,0.0,0.0,-0.0003759080701307329
2021-08-02,0.004449791,0.002971639330519249,0.0028926653324501395
2021-08-03,-0.00114203,-0.00020353190962929535,-0.0002430181290830058
2021-08-04,0.001602717,-0.0012536153890548851,-0.0012931016085085956
2021-08-05,0.001889521,0.0014541077720655604,0.00141462155261185
2021-08-06,-0.002570717,-0.002985204939846331,-0.0030246911593000414
2021-08-09,0.008903082,0.004598040906069745,0.004479577570162263
2021-08-10,0.003459353,0.0009738784662292055,0.000934392246775495
2021-08-11,0.001480626,0.002945951533845248,0.0029064653143915375
2021-08-12,0.003243734,0.0024177498549953214,0.002378263635541611
2021-08-13,0.002579684,0.003754256863098604,0.0037147706436448935
2021-08-16,-0.003260655,-0.0029284267927991436,-0.0030468901287066252
2021-08-17,0.004979301,0.0054754726563293055,0.005435986436875595
2021-08-18,0.005258116,0.004268170861562837,0.004228684642109126
2021-08-19,-0.010738224,-0.008786968660503547,-0.008826454879957257
2021-08-20,0.001595718,0.0027456586068617117,0.0027061723874080013
2021-08-23,0.004444056,0.0014490252716319318,0.0013305619357244503
2021-08-24,-0.002705047,-0.005030122257028369,-0.005069608476482079
2021-08-25,-0.004728642,-0.0017005500480311575,-0.001740036267484868
2021-08-26,0.0033472,0.00039384285841892464,0.0003543566389652142
2021-08-27,0.003716613,0.005067231395390559,0.0050277451759368486
2021-08-30,0.001439719,0.0030632349609645004,0.002944771625057019
2021-08-31,-0.003598185,-0.005083041376925723,-0.005122527596379434
2021-09-01,0.002943371,0.00182926557109786,0.0017897793516441496
2021-09-02,0.000871542,0.0012249887215483035,0.001185502502094593
2021-09-03,-0.006056752,-0.0047558193024651585,-0.004795305521918869
2021-09-06,0.005998132,0.0010518789035323106,0.000933415567624829
2021-09-07,-0.005345766,-0.0029862655863008847,-0.003025751805754595
2021-09-08,-0.011280979,-0.010235438420044929,-0.01027492463949864
2021-09-09,-0.005458687,-0.0019961239621660853,-0.002035610181619796
2021-09-10,-0.004062353,-0.008320241803339012,-0.008359728022792723
2021-09-13,0.000783076,0.004748034321131911,0.004629570985224429
2021-09-14,0.002084006,-0.004706128259604148,-0.004745614479057858
2021-09-15,-0.00882134,-0.00823993046256466,-0.00827941668201837
2021-09-16,0.005049312,0.007545249955451583,0.007505763735997872
2021-09-17,-0.006585823,-0.0026458960628209516,-0.002685382282274662
2021-09-20,-0.014166248,-0.012072441959649627,-0.012190905295557108
2021-09-21,0.003047408,0.0036590126797786393,0.003619526460324929
2021-09-22,0.004377183,0.00436825978314892,0.00432877356369521
2021-09-23,0.008211953,0.0051037330323888686,0.005064246812935158
2021-09-24,-0.010112763,-0.007112977212680782,-0.007152463432134493
2021-09-27,-0.011947659,-0.01096969825140548,-0.011088161587312961
2021-09-28,-0.019599071,-0.01573998834892154,-0.01577947456837525
2021-09-29,0.010667453,0.006842880731247947,0.006803394511794236
2021-09-30,0.00185326,0.0021861877825692932,0.002146701563115583
2021-10-01,-0.005562125,-0.00014511127326000128,-0.00018459749271371173
2021-10-04,-0.001850821,-0.0032239898539343503,-0.003342453189841832
2021-10-05,0.002093317,-0.0022202008799026007,-0.002259687099356311
2021-10-06,-0.002954993,-0.0032640066283646796,-0.00330349284781839
2021-10-07,0.01500307,0.010027507333016272,0.009988021113562562
2021-10-08,-0.000802951,-0.0010230538739860462,-0.0010625400934397566
2021-10-11,0.000833996,0.0009685391244969033,0.0008500757885894217
2021-10-12,4.49e-05,0.0022241815865655656,0.002184695367111855
2021-10-13,0.006651582,0.005630372747140067,0.005590886527686356
2021-10-14,0.007464248,0.0012501435584273413,0.0012106573389736308
2021-10-15,0.005003317,0.004965782888971537,0.004926296669517827
2021-10-18,0.000391924,0.0035631245828420255,0.003444661246934544
2021-10-19,-0.002345443,-0.0012682278969931016,-0.001307714116446812
2021-10-20,0.005458089,0.001683707748000085,0.0016442215285463746
2021-10-21,0.001593226,-0.0014630101634441894,-0.0015024963828978999
2021-10-22,0.001796941,0.0038407692907247437,0.0038012830712710333
2021-10-25,-0.000420764,-0.003806233955057081,-0.003924697290964563
2021-10-26,0.00611395,0.0023074642319984573,0.002267978012544747
2021-10-27,-0.004235654,-0.0025165561887487975,-0.002556042408202508
2021-10-28,0.006613395,-0.00030400888191461917,-0.0003434951013683296
2021-10-29,-0.003514097,-0.006535401713130606,-0.006574887932584317
2021-10-31,0.0,0.0,-0.0003582764026630806
2021-11-01,0.008399271,0.0056979932706890946,0.005658507051235384
2021-11-02,0.00680623,0.0034236098134092785,0.003384123593955568
2021-11-03,0.006343224,0.006982513362426612,0.006943027142972902
2021-11-04,0.00419631,0.006959402607366494,0.006919916387912783
2021-11-05,-0.00702164,-0.004579865977272335,-0.004619352196726045
2021-11-08,0.002415983,-0.00010561299821076897,-0.00022407633411825056
2021-11-09,0.002378175,0.0037438875426729634,0.003704401323219253
2021-11-10,0.000939128,0.0013813462155565226,0.0013418599961028121
2021-11-11,0.001735224,-5.470907635907185e-05,-9.41952958127823e-05
2021-11-12,0.007368793,0.005513115789302692,0.005473629569848981
2021-11-15,-0.000519705,0.0010215269438862418,0.0009030636079787602
2021-11-16,0.001729118,-6.992863867005816e-05,-0.00010941485812376861
2021-11-17,0.001898128,0.0010857262661680966,0.0010462400467143862
2021-11-18,-0.004486238,-0.003226522866382475,-0.0032660090858361857
2021-11-19,-0.000751179,-0.00019198379003937394,-0.00023147000949308438
2021-11-22,-0.004376999,-0.004111961113590357,-0.004230424449497838
2021-11-23,-0.013836533,-0.011284488753983912,-0.011323974973437623
2021-11-24,0.001332762,-0.0016874285177667092,-0.0017269147372204197
2021-11-25,0.003962025,0.00040413777572601006,0.0003646515562722996
2021-11-26,-0.018884181,-0.012866711360040028,-0.012906197579493739
2021-11-29,0.002106364,0.001816327898447101,0.0016978645625396194
2021-11-30,-0.006410076,-0.0021221861623370586,-0.002161672381790769
2021-12-01,0.008904274,0.0026940144139289135,0.002654528194475203
2021-12-02,-0.007040896,-0.005564151521726957,-0.005603637741180667
2021-12-03,-0.001310973,-0.0017921295242321333,-0.0018316157436858438
2021-12-06,0.015503946,0.011021420909883117,0.010902957573975636
2021-12-07,0.013630517,0.010577808193122484,0.010538321973668774
2021-12-08,0.005656198,-0.0011125121916926162,-0.0011519984111463266
2021-12-09,0.001077883,0.002438788802624714,0.0023993025831710035
2021-12-10,-0.000704775,-0.0011810076972472716,-0.001220493916700982
2021-12-13,-0.004181922,-0.004074942570542528,-0.0041934059064500095
2021-12-14,-0.011001649,-0.0024592628206513423,-0.0024987490401050527
2021-12-15,0.009503788,0.005751410796183576,0.005711924576729865
2021-12-16,0.017141768,0.011794188967074959,0.011754702747621248
2021-12-17,-0.005564578,-0.005073251739790008,-0.005112737959243718
2021-12-20,-0.008349703,-0.004309635573700787,-0.004428098909608269
2021-12-21,0.00671831,0.0034892284395264817,0.003449742220072771
2021-12-22,0.004471265,0.0036853131938912043,0.003645826974437494
2021-12-23,0.005699149,0.00550277392991938,0.00546328771046567
2021-12-24,0.0,0.0,-3.948621945371045e-05
2021-12-27,0.006209091,0.004383437427970982,0.0042649740920635
2021-12-28,0.007903148,0.006246766954487004,0.006207280735033294
2021-12-29,-0.002788122,0.0004643442458807101,0.00042485802642699966
2021-12-30,-0.003737381,-0.0008403127026940238,-0.0008797989221477343
2021-12-31,0.0,0.0,-3.948621945371045e-05
2022-01-03,0.005234571,0.004115827781062009,0.003997364445154528
2022-01-04,-0.002782718,-9.869850732557861e-05,-0.00013818472677928906
2022-01-05,-0.00112044,0.003247903164621979,0.0032084169451682687
2022-01-06,-0.010087981,-0.010193983356871827,-0.010233469576325538
2022-01-07,-0.000858895,-0.0035563831800377033,-0.0035958693994914137
2022-01-10,-0.019187008,-0.018522815246850066,-0.018641278582757548
2022-01-11,0.008777015,0.006354249959775515,0.006314763740321805
2022-01-12,-0.001115197,0.0032844030675287517,0.003244916848075041
2022-01-13,-0.004405505,-0.002025480376274147,-0.0020649665957278573
2022-01-14,-0.008892433,-0.009022476889341102,-0.009061963108794813
2022-01-17,0.00924044,0.0058095194724538946,0.005691056136546413
2022-01-18,-0.009509568,-0.008198120426936129,-0.008237606646389839
2022-01-19,-0.001086499,-0.0006439199192422862,-0.0006834061386959966
2022-01-20,0.004172909,0.005275136037812489,0.0052356498183587785
2022-01-21,-0.016295755,-0.013236644169938971,-0.013276130389392682
2022-01-24,-0.037833283,-0.0260852311072286,-0.026203694443136083
2022-01-25,0.005403559,0.010182077266612355,0.010142591047158644
2022-01-26,0.012974064,0.009690203968393485,0.009650717748939774
2022-01-27,0.0045025,0.0019272895766682119,0.0018878033572145014
2022-01-28,-0.005081518,-0.004933431027927981,-0.004972917247381692
2022-01-31,0.01111768,0.008406973036705123,0.007899983267708768
2022-02-01,0.009124078,0.0032920339075632743,0.003252547688109564
2022-02-02,0.001474352,0.003122544562238483,0.0030830583427847724
2022-02-03,-0.012058744,-0.00811166995701984,-0.00815115617647355
2022-02-04,-0.007539205,-0.007302297731626162,-0.007341783951079872
2022-02-07,0.003218273,0.0021371917181500777,0.002018728382242596
2022-02-08,-0.00494194,-0.006835599941770187,-0.006875086161223898
2022-02-09,0.017802704,0.011340651643073185,0.011301165423619475
2022-02-10,-0.002902413,0.0021041874920402215,0.002064701272586511
2022-02-11,-0.006515244,-0.0001631057762573329,-0.00020259199571104336
2022-02-14,-0.017139533,-0.012821904603753653,-0.012940367939661135
2022-02-15,0.012965209,0.007366351740387689,0.007326865520933978
2022-02-16,0.000444712,0.0015430409012267,0.0015035546817729895
2022-02-17,-0.00892338,-0.00422420850794436,-0.004263694727398071
2022-02-18,-0.005693868,-0.002245912095385605,-0.0022853983148393153
2022-02-21,-0.010186617,-0.010516282349637085,-0.010634745685544567
2022-02-22,0.00545276,0.003668699847560797,0.0036292136281070864
2022-02-23,-0.001728327,0.0021962502023420427,0.0021567639828883323
2022-02-24,-0.024019074,-0.0163588171082113,-0.01639830332766501
2022-02-25,0.029210039,0.02220882380111089,0.022169337581657178
2022-02-28,0.001125739,0.0036622528342045158,0.003543789498297034
2022-03-01,-0.01002798,-0.009135612467770615,-0.009175098687224326
2022-03-02,0.000989386,0.003265619084325655,0.0032261328648719445
2022-03-03,-0.017241276,-0.007745093203903264,-0.007784579423356974
2022-03-04,-0.031960615,-0.019473494006042258,-0.01951298022549597
2022-03-07,-0.009748414,-0.008074243952045812,-0.008192707287953294
2022-03-08,-0.008256486,-0.011525135927150987,-0.011564622146604697
2022-03-09,0.041576994,0.026854393673750643,0.026814907454296932
2022-03-10,-0.009407757,-0.0022118547121003918,-0.002251340931554102
2022-03-11,0.008645648,0.005637788242626396,0.0055983020231726854
2022-03-14,0.013729517,0.006366580202983307,0.006248116867075826
2022-03-15,-0.00055065,-0.00018797242386303648,-0.00022745864331674692
2022-03-16,0.021627636,0.017135726930807005,0.017096240711353294
2022-03-17,0.015778204,0.010092186955091176,0.010052700735637465
2022-03-18,0.011209038,0.007511597349868504,0.007472111130414794
2022-03-21,-7.27e-05,0.0009318475170130291,0.0008133841811055476
2022-03-22,0.002137587,0.001170120639869321,0.0011306344204156105
2022-03-23,-0.008934058,-0.007598245733195119,-0.00763773195264883
2022-03-24,0.002311634,-0.0019426031047407033,-0.0019820893241944137
2022-03-25,-0.001458892,0.0007436601280970123,0.0007041739086433019
2022-03-28,0.005289978,0.0054330753384168595,0.005314612002509378
2022-03-29,0.014923566,0.010123035610623221,0.01008354939116951
2022-03-30,-0.006570416,-0.0005005876303991741,-0.0005400738498528845
2022-03-31,-0.007627411,-0.007203974721230799,-0.00724346094068451
2022-04-01,0.001980877,0.002843313076195564,0.0028038268567418534
2022-04-04,0.011961321,0.008883086311991528,0.008764622976084047
2022-04-05,0.002205568,0.0055776935964220176,0.005538207376968307
2022-04-06,-0.007381733,-0.004207075093465851,-0.004246561312919561
2022-04-07,0.003733626,0.00468423959870834,0.004644753379254629
2022-04-08,0.011945496,0.008263724769283831,0.00822423854983012
2022-04-11,0.004267529,0.005396663114309197,0.005278199778401715
2022-04-12,-0.009535806,-0.008239829930843712,-0.008279316150297422
2022-04-13,-2.21e-05,-0.0050383314454293116,-0.005077817664883022
2022-04-14,0.007509149,0.009130178072948913,0.009090691853495203
2022-04-15,0.0,0.0,-3.948621945371045e-05
2022-04-18,0.0,0.0,-0.00011846333590748159
2022-04-19,-0.012289508,-0.008824400074244787,-0.008863886293698497
2022-04-20,0.002408906,-0.002572592779368499,-0.0026120789988222093
2022-04-21,0.001045824,0.0020332490434527006,0.00199376282399899
2022-04-22,-0.00487141,-0.00408264852644169,-0.0041221347458954005
2022-04-25,-0.012271506,-0.0027353097726092734,-0.002853773108516755
2022-04-26,-0.01383815,-0.008948072722248845,-0.008987558941702556
2022-04-27,0.009100007,0.006885558922784529,0.006846072703330819
2022-04-28,0.00344412,0.007594699046408637,0.007555212826954927
2022-04-29,0.00533949,0.004011595747870356,0.003972109528416645
2022-04-30,0.0,0.0,-0.00044137524980308575
2022-05-02,-0.012621226,-0.00845513652694263,-0.00853411052501174
2022-05-03,0.001437738,0.0005115470684129431,0.0004720608489592326
2022-05-04,-0.009942119,-0.0045445083391848495,-0.00458399455863856
2022-05-05,-0.000593784,-0.0007833868100407537,-0.0008228730294944642
2022-05-06,-0.012524041,-0.01167371127530159,-0.0117131974947553
2022-05-09,-0.025424139,-0.025837011539081023,-0.025955474874988504
2022-05-10,0.007395488,0.003129207908499021,0.0030897216890453105
2022-05-11,0.002785128,0.008742162462505254,0.008702676243051544
2022-05-12,-0.004056933,0.0012812121982876956,0.0012417259788339852
2022-05-13,0.013597816,0.010176714979091228,0.010137228759637518
2022-05-16,0.001304896,0.0027936200361116104,0.0026751567002041288
2022-05-17,0.005016135,0.0004725418048705521,0.00043305558541684164
2022-05-18,-0.014420794,-0.010806726111832976,-0.010846212331286686
2022-05-19,-0.023672526,-0.020351833992013124,-0.020391320211466835
2022-05-20,0.001570205,0.006096371007147772,0.006056884787694061
2022-05-23,0.013021629,0.00911580903404774,0.008997345698140258
2022-05-24,-0.001163071,-0.006200868582049379,-0.00624035480150309
2022-05-25,0.000404012,0.001145604333061545,0.0011061181136078346
2022-05-26,0.0,0.0,-3.948621945371045e-05
2022-05-27,0.015838493,0.010564006183848784,0.010524519964395074
2022-05-30,0.008762883,0.0007853896631089263,0.0006669263272014447
2022-05-31,-0.010176243,-0.011491701103901075,-0.011531187323354786
2022-06-01,-0.010651532,-0.005388575565712483,-0.005428061785166194
2022-06-02,0.00476827,-0.0018961528380287973,-0.0019356390574825078
2022-06-03,-0.001907562,0.001118794938756329,0.0010793087193026185
2022-06-06,0.0,0.0,-0.00011846333590748159
2022-06-07,-0.000137142,-0.004648870687053552,-0.004688356906507263
2022-06-08,-0.006181702,-0.0065173120161322595,-0.00655679823558597
2022-06-09,-0.012469542,-0.006258095498429372,-0.006297581717883083
2022-06-10,-0.019216219,-0.011625748009568393,-0.011665234229022103
2022-06-13,-0.017880671,-0.015854706861442525,-0.015973170197350006
2022-06-14,-0.016275735,-0.01453778565044328,-0.01457727186989699
2022-06-15,0.007747213,0.006499449834981297,0.006459963615527586
2022-06-16,-0.029364923,-0.027393825012335005,-0.027433311231788715
2022-06-17,-0.000191636,0.0021084713899577334,0.002068985170504023
2022-06-20,0.003253244,0.0042191057426410605,0.004100642406733579
2022-06-21,0.000417648,-0.0006117156931843004,-0.0006512019126380109
2022-06-22,0.004877186,0.0046454776606392745,0.004605991441185564
2022-06-23,-0.006239075,-0.0030405469583348887,-0.003080033177788599
2022-06-24,0.033719442,0.023119231222623382,0.02307974500316967
2022-06-27,0.007172697,0.004272098843575378,0.004153635507667897
2022-06-28,-0.008500659,-0.001835738814544574,-0.0018752250339982846
2022-06-29,-0.000373387,-0.002234118298494514,-0.0022736045179482245
2022-06-30,-0.00625154,-0.003987419055439534,-0.004026905274893244
2022-07-01,0.003237596,0.0030138064773019835,0.002974320257848273
2022-07-04,0.008300232,0.008360962346956491,0.00824249901104901
2022-07-05,-0.014083561,0.003211014000477519,0.0031715277810238085
2022-07-06,0.013398332,0.009038231106754724,0.008998744887301013
2022-07-07,0.009575815,0.005737988392800375,0.0056985021733466645
2022-07-08,0.006428171,0.004517465715039748,0.0044779794955860375
2022-07-11,-0.000132332,-0.0011394685736850763,-0.0012579319095925579
2022-07-12,0.003132029,0.0004277739806575198,0.00038828776120380937
2022-07-13,-0.013417464,-0.008580329340792892,-0.008619815560246602
2022-07-14,-0.009161945,-0.01143560946929656,-0.01147509568875027
2022-07-15,0.016683478,0.010878454644033475,0.010838968424579765
2022-07-18,0.003076599,0.006539110000461701,0.006420646664554219
2022-07-19,0.008787559,0.003098130228399665,0.0030586440089459543
2022-07-20,-0.004753617,-0.002211887566430093,-0.0022513737858838034
2022-07-21,0.007433028,0.0011917813271702382,0.0011522951077165278
2022-07-22,-0.001830453,0.0032217769728000167,0.0031822907533463063
2022-07-25,0.002183837,0.002632815450509751,0.0025143521146022696
2022-07-26,-0.000983786,0.0022019909948625127,0.0021625047754088023
2022-07-27,-0.003260693,-0.009014064701124536,-0.009053550920578246
2022-07-28,0.005798594,0.002612306835420908,0.0025728206159671974
2022-07-29,0.003564412,0.009267738672245063,0.009228252452791352
2022-07-31,0.0,0.0,-0.0004189548888982056
2022-08-01,0.0,0.0,-3.948621945371045e-05
2022-08-02,-0.002732863,0.001434619111287061,0.0013951328918333505
2022-08-03,0.006160238,-0.003366141740521189,-0.0034056279599748995
2022-08-04,0.002281372,0.0020280621524848552,0.0019885759330311448
2022-08-05,-0.007808666,-0.003026860606753501,-0.0030663468262072113
2022-08-08,0.004031139,0.0027804753991225173,0.0026620120632150357
2022-08-09,-0.004412235,-0.0018762020052847106,-0.001915688224738421
2022-08-10,0.003519893,0.005440425056939313,0.005400938837485603
2022-08-11,0.002649332,0.005173295652212362,0.005133809432758651
2022-08-12,-0.003923838,-0.00661349474426054,-0.00665298096371425
2022-08-15,0.004220426,0.004893436231007797,0.004774972895100316
2022-08-16,-0.006512616,-0.0028240905535150684,-0.002863576772968779
2022-08-17,-0.001710835,-0.005928046782526897,-0.005967533001980607
2022-08-18,0.003818954,0.003445810415382722,0.0034063241959290114
2022-08-19,-0.001991211,-0.002005174924147868,-0.0020446611436015782
2022-08-22,-0.007085505,-0.005154645571089134,-0.005273108906996615
2022-08-23,-0.012981213,-0.011505015375863348,-0.011544501595317058
2022-08-24,0.007316312,0.007301266184760458,0.007261779965306747
2022-08-25,0.004196078,-0.002495736029088036,-0.0025352222485417464
2022-08-26,-0.012249315,-0.011878359838828123,-0.011917846058281834
2022-08-29,-0.003841983,0.0019455926863565232,0.0018271293504490416
2022-08-30,-0.00191097,-0.007933357377941985,-0.007972843597395696
2022-08-31,-0.001791311,0.002494963156253638,0.0024554769367999274
2022-09-01,-0.018664353,-0.018509055006445063,-0.018548541225898774
2022-09-02,0.020054096,0.010871283724718461,0.01083179750526475
2022-09-05,-0.008099632,-0.007816546238603395,-0.007935009574510876
2022-09-06,0.000644401,-0.0004076761660203321,-0.0004471623854740425
2022-09-07,-0.003080497,-0.0014362797117667414,-0.0014757659312204519
2022-09-08,-0.001520495,-0.0033085533078242024,-0.003348039527277913
2022-09-09,0.010521763,0.005193996578001681,0.00515451035854797
2022-09-12,0.008105688,0.011826094877683824,0.011707631541776342
2022-09-13,-0.010255483,-0.00936153880355961,-0.00940102502301332
2022-09-14,-0.013070168,-0.010767164046923017,-0.010806650266376727
2022-09-15,-0.002423565,-0.005567764954628407,-0.005607251174082117
2022-09-16,-0.011990879,-0.004384570384849185,-0.004424056604302895
2022-09-19,0.000150923,-0.0006946600337994768,-0.0008131233697069584
2022-09-20,-0.012788964,-0.014663771619998656,-0.014703257839452366
2022-09-21,-0.002311465,0.0003065640663031388,0.00026707784684942837
2022-09-22,-0.01248168,-0.009757926490956637,-0.009797412710410347
2022-09-23,-0.015018088,-0.01196337661235869,-0.0120028628318124
2022-09-26,-0.005509045,-0.007199988676122815,-0.0073184520120302965
2022-09-27,0.004773141,-0.0015455988807751009,-0.0015850851002288113
2022-09-28,0.007165683,0.0019259047686899233,0.0018864185492362129
2022-09-29,-0.009489832,-0.005415083295197132,-0.005454569514650842
2022-09-30,0.014833593,0.014000741300316255,0.013961255080862545
2022-10-03,0.001525096,0.004869521797464582,0.0047510584615571005
2022-10-04,0.028040884,0.011788551842032646,0.011749065622578936
2022-10-05,-0.010418834,-0.01027246822133332,-0.01031195444078703
2022-10-06,-0.007279176,-0.005588854337527205,-0.005628340556980915
2022-10-07,-0.009487638,-0.010240097429872752,-0.010279583649326463
2022-10-10,-0.004228647,-0.003735472610218893,-0.0038539359461263745
2022-10-11,-0.005438821,-0.005149785000306717,-0.005189271219760427
2022-10-12,-0.00084279,-0.002897358772104064,-0.0029368449915577743
2022-10-13,0.001844056,-0.006282411763548379,-0.006321897983002089
2022-10-14,0.00923619,0.012067463165798875,0.012027976946345165
2022-10-17,0.016585591,0.013319481224266072,0.01320101788835859
2022-10-18,0.008189176,0.00832788642007909,0.008288400200625379
2022-10-19,-0.009913236,-0.009223304568056645,-0.009262790787510355
2022-10-20,-0.000294946,0.0014707400923994474,0.001431253872945737
2022-10-21,-0.004928176,-0.004347625788236331,-0.004387112007690042
2022-10-24,0.016501606,0.012978722792291508,0.012860259456384027
2022-10-25,0.016378456,0.013113043160995375,0.013073556941541664
2022-10-26,0.00428873,0.004059480546380501,0.00401999432692679
2022-10-27,-0.010651804,-0.0006357776608850729,-0.0006752638803387834
2022-10-28,0.004240346,0.001435449917784215,0.0013959636983305046
2022-10-31,0.005047416,0.006880069183460957,0.006761605847553476
2022-11-01,-0.004199063,-0.005994621027105906,-0.006034107246559617
2022-11-02,0.002376116,0.002847838317904916,0.0028083520984512056
2022-11-03,-0.009461611,-0.00986487136222447,-0.00990435758167818
2022-11-04,0.008100432,0.009352299145221288,0.009312812925767577
2022-11-07,-0.001617244,0.0033231335053960365,0.003204670169488555
2022-11-08,0.007915857,0.004888113444458719,0.004848627225005009
2022-11-09,0.007379853,0.011801817823217986,0.011762331603764276
2022-11-10,0.021339221,0.014842283240468657,0.014802797021014946
2022-11-11,0.000844552,-0.010151854583484221,-0.010191340802937932
2022-11-14,-0.010661983,-0.0031776659056564904,-0.003296129241563972
2022-11-15,0.001379016,0.0011079536165281567,0.0010684673970744463
2022-11-16,-0.009646899,-0.008168704799215831,-0.008208191018669542
2022-11-17,-0.000900092,0.0031602052568582284,0.003120719037404518
2022-11-18,0.010067357,0.00982923748274711,0.0097897512632934
2022-11-21,0.00321135,0.005262935701210392,0.00514447236530291
2022-11-22,-0.0005494,0.0007067017906254858,0.0006672155711717753
2022-11-23,0.003343435,0.0009186009169250831,0.0008791146974713726
2022-11-24,0.006173757,0.007163500918784038,0.007124014699330328
2022-11-25,0.000282053,0.000319278780249288,0.00027979256079557757
2022-11-28,-0.002149435,-0.0070251226598887495,-0.007143585995796231
2022-11-29,-0.008995604,-0.008260059076746096,-0.008299545296199806
2022-11-30,0.004698184,0.004377880854869787,0.004338394635416076
2022-12-01,0.010334856,0.008835611536367916,0.008796125316914205
2022-12-02,-0.002610435,-0.002997312089059845,-0.0030367983085135553
2022-12-05,-0.002570443,-0.004050687452007429,-0.00416915078791491
2022-12-06,-0.007935095,-0.004737088279388124,-0.004776574498841835
2022-12-07,-0.009843355,-0.008576705411276198,-0.008616191630729908
2022-12-08,-0.000128393,-5.616167204258726e-05,-9.564789149629771e-05
2022-12-09,0.006797873,0.007771257486465455,0.0077317712670117444
2022-12-12,-0.002785393,-0.002460671840995965,-0.0025791351769034465
2022-12-13,0.009444634,0.0029372944770102993,0.002897808257556589
2022-12-14,0.002900781,0.005023281647455358,0.004983795428001647
2022-12-15,-0.024488111,-0.012757413429161923,-0.012796899648615634
2022-12-16,-0.009544688,-0.008651847889346254,-0.008691334108799964
2022-12-19,0.00049687,-0.0007866076723707094,-0.000905071008278191
2022-12-20,-0.010581565,-0.007621638639862538,-0.007661124859316248
2022-12-21,0.017288129,0.014101540115196265,0.014062053895742554
2022-12-22,-0.006343568,-0.0007457445080808478,-0.0007852307275345582
2022-12-23,0.003020707,0.0009982688196947809,0.0009587826002410704
2022-12-26,0.0,0.0,-0.00011846333590748159
2022-12-27,0.002968184,0.0006105974908166001,0.0005711112713628896
2022-12-28,-0.00254302,-0.002103243255263565,-0.0021427294747172754
2022-12-29,0.004964442,0.00722724857019541,0.0071877623507417
2022-12-30,-0.011234677,-0.008884754106720849,-0.00892424032617456
2022-12-31,0.0,0.0,-3.948621945371045e-05
